Teks_Manado,Teks_Indo
Torang so beking kunci rumah cepat-cepat sto.,Kami sudah membuat kunci rumah dengan cepat.
Dia so makang makanan pas ujang dang.,Dia sudah makan makanan saat hujan.
Ngoni so jual tugas skripsi di Megamas sto.,Kalian sudah menjual tugas skripsi di Megamas.
Dia mo pigi cari oto cepat-cepat jo.,Dia akan pergi mencari mobil dengan cepat.
Dorang mo pigi cari baju baru kemarin sore dang.,Mereka akan pergi mencari baju baru kemarin sore.
Mama so beking makanan tadi pagi sto.,Ibu sudah membuat makanan tadi pagi.
Ngana so jual doi di Megamas sto.,Kamu sudah menjual uang di Megamas.
Maitua so makang doi pas ujang jo.,Pacar (pr) sudah makan uang saat hujan.
Kita nyanda suka kunci rumah di Megamas dang.,Saya tidak suka kunci rumah di Megamas.
Ngoni nyanda suka laporan di Megamas jo.,Kalian tidak suka laporan di Megamas.
Ngoni mo pigi cari hp di Megamas dang.,Kalian akan pergi mencari handphone di Megamas.
Maitua so jual baju baru pas ujang kang.,Pacar (pr) sudah menjual baju baru saat hujan.
Ngana nyanda suka oto tadi pagi dang.,Kamu tidak suka mobil tadi pagi.
Ngana so beking doi cepat-cepat sto.,Kamu sudah membuat uang dengan cepat.
Dorang mo pigi cari oto di Megamas kote.,Mereka akan pergi mencari mobil di Megamas.
Torang so jual kunci rumah pas ujang sto.,Kami sudah menjual kunci rumah saat hujan.
Torang so jual kunci rumah di kampus kote.,Kami sudah menjual kunci rumah di kampus.
Tu dosen nyanda suka laporan pas ujang jo.,Dosen itu tidak suka laporan saat hujan.
Mama ada lia hp pas ujang to.,Ibu melihat handphone saat hujan.
Mama so beking hp tadi pagi dang.,Ibu sudah membuat handphone tadi pagi.
Torang nyanda suka kunci rumah di Megamas jo.,Kami tidak suka kunci rumah di Megamas.
Dorang so beking laporan kemarin sore neh.,Mereka sudah membuat laporan kemarin sore.
Mama mo pigi cari doi di Megamas jo.,Ibu akan pergi mencari uang di Megamas.
Tu dosen so beking kunci rumah di Megamas neh.,Dosen itu sudah membuat kunci rumah di Megamas.
Dia so makang oto kemarin sore kote.,Dia sudah makan mobil kemarin sore.
Ngana nyanda suka doi kemarin sore kang.,Kamu tidak suka uang kemarin sore.
Maitua ada lia doi diam-diam neh.,Pacar (pr) melihat uang diam-diam.
Mama so makang baju baru diam-diam to.,Ibu sudah makan baju baru diam-diam.
Dorang so beking baju baru pas ujang dang.,Mereka sudah membuat baju baru saat hujan.
Paitua so makang doi diam-diam dang.,Pacar (lk) sudah makan uang diam-diam.
Kita so beking hp kemarin sore kang.,Saya sudah membuat handphone kemarin sore.
Ngoni so jual baju baru tadi pagi to.,Kalian sudah menjual baju baru tadi pagi.
Mama nyanda suka doi diam-diam dang.,Ibu tidak suka uang diam-diam.
Torang so jual laporan kemarin sore dang.,Kami sudah menjual laporan kemarin sore.
Maitua ada lia kunci rumah kemarin sore neh.,Pacar (pr) melihat kunci rumah kemarin sore.
Dia so beking laporan cepat-cepat sto.,Dia sudah membuat laporan dengan cepat.
Ngana so beking makanan diam-diam dang.,Kamu sudah membuat makanan diam-diam.
Tu dosen so beking doi kemarin sore kote.,Dosen itu sudah membuat uang kemarin sore.
Ngoni so makang doi tadi pagi sto.,Kalian sudah makan uang tadi pagi.
Dia ba tele kunci rumah cepat-cepat kang.,Dia menelepon kunci rumah dengan cepat.
Tu dosen so makang doi di Megamas to.,Dosen itu sudah makan uang di Megamas.
Mama ada lia kunci rumah di Megamas neh.,Ibu melihat kunci rumah di Megamas.
Kita so beking hp tadi pagi jo.,Saya sudah membuat handphone tadi pagi.
Torang ba tele tugas skripsi diam-diam sto.,Kami menelepon tugas skripsi diam-diam.
Dorang so beking hp pas ujang to.,Mereka sudah membuat handphone saat hujan.
Dia ba tele hp cepat-cepat sto.,Dia menelepon handphone dengan cepat.
Ngoni ada lia hp di Megamas jo.,Kalian melihat handphone di Megamas.
Ngana ada lia hp diam-diam dang.,Kamu melihat handphone diam-diam.
Paitua so makang baju baru kemarin sore to.,Pacar (lk) sudah makan baju baru kemarin sore.
Tu dosen lupa bawa laporan tadi pagi kote.,Dosen itu lupa membawa laporan tadi pagi.
Maitua so jual doi kemarin sore kang.,Pacar (pr) sudah menjual uang kemarin sore.
Tu dosen ada lia laporan pas ujang kang.,Dosen itu melihat laporan saat hujan.
Tu dosen so makang oto tadi pagi kote.,Dosen itu sudah makan mobil tadi pagi.
Ngana mo pigi cari hp di kampus jo.,Kamu akan pergi mencari handphone di kampus.
Ngana so makang tugas skripsi diam-diam jo.,Kamu sudah makan tugas skripsi diam-diam.
Torang mo pigi cari kunci rumah cepat-cepat dang.,Kami akan pergi mencari kunci rumah dengan cepat.
Torang nyanda suka baju baru diam-diam dang.,Kami tidak suka baju baru diam-diam.
Dorang mo pigi cari oto cepat-cepat to.,Mereka akan pergi mencari mobil dengan cepat.
Ngoni nyanda suka doi pas ujang kote.,Kalian tidak suka uang saat hujan.
Ngana so makang hp di kampus kote.,Kamu sudah makan handphone di kampus.
Dorang so beking tugas skripsi diam-diam neh.,Mereka sudah membuat tugas skripsi diam-diam.
Ngoni nyanda suka baju baru kemarin sore to.,Kalian tidak suka baju baru kemarin sore.
Paitua nyanda suka laporan pas ujang sto.,Pacar (lk) tidak suka laporan saat hujan.
Tu dosen ba tele oto diam-diam kote.,Dosen itu menelepon mobil diam-diam.
Ngana ada lia baju baru cepat-cepat to.,Kamu melihat baju baru dengan cepat.
Kita so makang tugas skripsi di kampus kote.,Saya sudah makan tugas skripsi di kampus.
Maitua lupa bawa kunci rumah diam-diam jo.,Pacar (pr) lupa membawa kunci rumah diam-diam.
Kita mo pigi cari tugas skripsi tadi pagi sto.,Saya akan pergi mencari tugas skripsi tadi pagi.
Ngana mo pigi cari oto pas ujang sto.,Kamu akan pergi mencari mobil saat hujan.
Maitua so jual baju baru di Megamas kote.,Pacar (pr) sudah menjual baju baru di Megamas.
Dorang ada lia tugas skripsi di Megamas kang.,Mereka melihat tugas skripsi di Megamas.
Tu dosen so beking tugas skripsi di Megamas sto.,Dosen itu sudah membuat tugas skripsi di Megamas.
Dorang mo pigi cari hp di Megamas kote.,Mereka akan pergi mencari handphone di Megamas.
Kita ada lia laporan cepat-cepat jo.,Saya melihat laporan dengan cepat.
Ngoni ba tele tugas skripsi diam-diam kang.,Kalian menelepon tugas skripsi diam-diam.
Mama mo pigi cari doi di kampus jo.,Ibu akan pergi mencari uang di kampus.
Kita mo pigi cari kunci rumah tadi pagi sto.,Saya akan pergi mencari kunci rumah tadi pagi.
Maitua mo pigi cari tugas skripsi kemarin sore kang.,Pacar (pr) akan pergi mencari tugas skripsi kemarin sore.
Maitua nyanda suka hp diam-diam kote.,Pacar (pr) tidak suka handphone diam-diam.
Dorang mo pigi cari oto pas ujang jo.,Mereka akan pergi mencari mobil saat hujan.
Ngana nyanda suka laporan di Megamas kote.,Kamu tidak suka laporan di Megamas.
Paitua ba tele tugas skripsi cepat-cepat to.,Pacar (lk) menelepon tugas skripsi dengan cepat.
Tu dosen ba tele oto pas ujang sto.,Dosen itu menelepon mobil saat hujan.
Paitua mo pigi cari kunci rumah diam-diam jo.,Pacar (lk) akan pergi mencari kunci rumah diam-diam.
Mama so jual makanan pas ujang neh.,Ibu sudah menjual makanan saat hujan.
Torang nyanda suka makanan diam-diam dang.,Kami tidak suka makanan diam-diam.
Ngana mo pigi cari makanan diam-diam neh.,Kamu akan pergi mencari makanan diam-diam.
Paitua ada lia oto di Megamas jo.,Pacar (lk) melihat mobil di Megamas.
Dia so beking laporan pas ujang jo.,Dia sudah membuat laporan saat hujan.
Ngoni so beking tugas skripsi pas ujang neh.,Kalian sudah membuat tugas skripsi saat hujan.
Paitua ada lia makanan kemarin sore neh.,Pacar (lk) melihat makanan kemarin sore.
Mama ba tele oto pas ujang dang.,Ibu menelepon mobil saat hujan.
Maitua ba tele tugas skripsi pas ujang sto.,Pacar (pr) menelepon tugas skripsi saat hujan.
Paitua mo pigi cari hp pas ujang neh.,Pacar (lk) akan pergi mencari handphone saat hujan.
Mama so beking makanan di Megamas neh.,Ibu sudah membuat makanan di Megamas.
Paitua so beking doi cepat-cepat to.,Pacar (lk) sudah membuat uang dengan cepat.
Dorang ada lia makanan di kampus to.,Mereka melihat makanan di kampus.
Tu dosen ada lia oto tadi pagi sto.,Dosen itu melihat mobil tadi pagi.
Torang nyanda suka tugas skripsi cepat-cepat dang.,Kami tidak suka tugas skripsi dengan cepat.
Maitua ada lia baju baru kemarin sore kang.,Pacar (pr) melihat baju baru kemarin sore.
Dia so beking doi cepat-cepat sto.,Dia sudah membuat uang dengan cepat.
Ngana ada lia hp di kampus to.,Kamu melihat handphone di kampus.
Dorang ada lia hp di kampus jo.,Mereka melihat handphone di kampus.
Dorang mo pigi cari hp kemarin sore neh.,Mereka akan pergi mencari handphone kemarin sore.
Tu dosen so beking laporan di Megamas kang.,Dosen itu sudah membuat laporan di Megamas.
Paitua so beking makanan kemarin sore to.,Pacar (lk) sudah membuat makanan kemarin sore.
Maitua mo pigi cari oto di Megamas to.,Pacar (pr) akan pergi mencari mobil di Megamas.
Mama nyanda suka oto kemarin sore sto.,Ibu tidak suka mobil kemarin sore.
Maitua ba tele baju baru cepat-cepat neh.,Pacar (pr) menelepon baju baru dengan cepat.
Kita nyanda suka tugas skripsi tadi pagi sto.,Saya tidak suka tugas skripsi tadi pagi.
Tu dosen lupa bawa kunci rumah kemarin sore sto.,Dosen itu lupa membawa kunci rumah kemarin sore.
Dorang ba tele baju baru pas ujang dang.,Mereka menelepon baju baru saat hujan.
Mama ba tele kunci rumah di Megamas to.,Ibu menelepon kunci rumah di Megamas.
Kita so makang hp di Megamas sto.,Saya sudah makan handphone di Megamas.
Maitua mo pigi cari tugas skripsi kemarin sore to.,Pacar (pr) akan pergi mencari tugas skripsi kemarin sore.
Dorang so beking hp cepat-cepat kang.,Mereka sudah membuat handphone dengan cepat.
Ngoni so jual laporan diam-diam kote.,Kalian sudah menjual laporan diam-diam.
Kita so makang kunci rumah tadi pagi to.,Saya sudah makan kunci rumah tadi pagi.
Dia ada lia tugas skripsi cepat-cepat sto.,Dia melihat tugas skripsi dengan cepat.
Tu dosen so jual kunci rumah kemarin sore dang.,Dosen itu sudah menjual kunci rumah kemarin sore.
Mama nyanda suka hp cepat-cepat jo.,Ibu tidak suka handphone dengan cepat.
Tu dosen ada lia makanan tadi pagi kote.,Dosen itu melihat makanan tadi pagi.
Tu dosen ba tele baju baru di kampus neh.,Dosen itu menelepon baju baru di kampus.
Ngoni lupa bawa doi pas ujang kote.,Kalian lupa membawa uang saat hujan.
Kita nyanda suka tugas skripsi pas ujang sto.,Saya tidak suka tugas skripsi saat hujan.
Ngana nyanda suka oto di Megamas neh.,Kamu tidak suka mobil di Megamas.
Dia so beking doi diam-diam to.,Dia sudah membuat uang diam-diam.
Paitua mo pigi cari laporan di kampus kote.,Pacar (lk) akan pergi mencari laporan di kampus.
Dia ba tele doi cepat-cepat neh.,Dia menelepon uang dengan cepat.
Dorang so beking doi tadi pagi neh.,Mereka sudah membuat uang tadi pagi.
Paitua so makang oto di kampus dang.,Pacar (lk) sudah makan mobil di kampus.
Torang lupa bawa makanan cepat-cepat to.,Kami lupa membawa makanan dengan cepat.
Ngoni mo pigi cari doi cepat-cepat kote.,Kalian akan pergi mencari uang dengan cepat.
Paitua nyanda suka baju baru tadi pagi sto.,Pacar (lk) tidak suka baju baru tadi pagi.
Paitua ada lia tugas skripsi pas ujang jo.,Pacar (lk) melihat tugas skripsi saat hujan.
Ngoni so jual tugas skripsi tadi pagi jo.,Kalian sudah menjual tugas skripsi tadi pagi.
Kita so makang hp pas ujang kang.,Saya sudah makan handphone saat hujan.
Torang so jual oto pas ujang kote.,Kami sudah menjual mobil saat hujan.
Torang so jual baju baru di kampus jo.,Kami sudah menjual baju baru di kampus.
Dorang ada lia hp tadi pagi neh.,Mereka melihat handphone tadi pagi.
Tu dosen mo pigi cari tugas skripsi cepat-cepat jo.,Dosen itu akan pergi mencari tugas skripsi dengan cepat.
Paitua so beking tugas skripsi kemarin sore sto.,Pacar (lk) sudah membuat tugas skripsi kemarin sore.
Kita nyanda suka oto pas ujang sto.,Saya tidak suka mobil saat hujan.
Dorang ba tele baju baru pas ujang dang.,Mereka menelepon baju baru saat hujan.
Paitua ba tele tugas skripsi diam-diam neh.,Pacar (lk) menelepon tugas skripsi diam-diam.
Tu dosen ba tele baju baru tadi pagi to.,Dosen itu menelepon baju baru tadi pagi.
Kita so makang baju baru di kampus kang.,Saya sudah makan baju baru di kampus.
Ngoni ba tele makanan di Megamas to.,Kalian menelepon makanan di Megamas.
Dorang mo pigi cari doi pas ujang jo.,Mereka akan pergi mencari uang saat hujan.
Torang so makang laporan pas ujang dang.,Kami sudah makan laporan saat hujan.
Tu dosen so beking makanan diam-diam to.,Dosen itu sudah membuat makanan diam-diam.
Maitua ba tele makanan diam-diam jo.,Pacar (pr) menelepon makanan diam-diam.
Tu dosen ada lia oto cepat-cepat kang.,Dosen itu melihat mobil dengan cepat.
Ngoni so makang tugas skripsi pas ujang sto.,Kalian sudah makan tugas skripsi saat hujan.
Mama lupa bawa kunci rumah di kampus jo.,Ibu lupa membawa kunci rumah di kampus.
Dorang mo pigi cari doi di kampus neh.,Mereka akan pergi mencari uang di kampus.
Paitua so jual hp tadi pagi kote.,Pacar (lk) sudah menjual handphone tadi pagi.
Torang nyanda suka tugas skripsi kemarin sore neh.,Kami tidak suka tugas skripsi kemarin sore.
Torang mo pigi cari hp diam-diam kote.,Kami akan pergi mencari handphone diam-diam.
Ngana so beking makanan kemarin sore sto.,Kamu sudah membuat makanan kemarin sore.
Dorang ada lia tugas skripsi cepat-cepat kang.,Mereka melihat tugas skripsi dengan cepat.
Dorang so makang laporan di Megamas kote.,Mereka sudah makan laporan di Megamas.
Torang nyanda suka hp di Megamas kang.,Kami tidak suka handphone di Megamas.
Ngana so beking laporan diam-diam kang.,Kamu sudah membuat laporan diam-diam.
Maitua ada lia hp cepat-cepat jo.,Pacar (pr) melihat handphone dengan cepat.
Kita ada lia baju baru tadi pagi dang.,Saya melihat baju baru tadi pagi.
Kita lupa bawa kunci rumah pas ujang sto.,Saya lupa membawa kunci rumah saat hujan.
Maitua mo pigi cari tugas skripsi diam-diam sto.,Pacar (pr) akan pergi mencari tugas skripsi diam-diam.
Ngoni so beking oto diam-diam jo.,Kalian sudah membuat mobil diam-diam.
Paitua nyanda suka makanan kemarin sore to.,Pacar (lk) tidak suka makanan kemarin sore.
Paitua so beking doi di Megamas kang.,Pacar (lk) sudah membuat uang di Megamas.
Dorang ba tele tugas skripsi cepat-cepat to.,Mereka menelepon tugas skripsi dengan cepat.
Paitua so jual kunci rumah cepat-cepat jo.,Pacar (lk) sudah menjual kunci rumah dengan cepat.
Dia nyanda suka laporan di Megamas kote.,Dia tidak suka laporan di Megamas.
Tu dosen so beking oto kemarin sore kang.,Dosen itu sudah membuat mobil kemarin sore.
Dorang ba tele oto di kampus jo.,Mereka menelepon mobil di kampus.
Kita ba tele oto cepat-cepat to.,Saya menelepon mobil dengan cepat.
Ngoni lupa bawa laporan pas ujang kote.,Kalian lupa membawa laporan saat hujan.
Ngana ada lia laporan diam-diam kang.,Kamu melihat laporan diam-diam.
Dorang ba tele baju baru di Megamas neh.,Mereka menelepon baju baru di Megamas.
Torang lupa bawa tugas skripsi diam-diam neh.,Kami lupa membawa tugas skripsi diam-diam.
Tu dosen ada lia laporan di kampus sto.,Dosen itu melihat laporan di kampus.
Tu dosen so beking laporan cepat-cepat to.,Dosen itu sudah membuat laporan dengan cepat.
Dorang so jual tugas skripsi di Megamas jo.,Mereka sudah menjual tugas skripsi di Megamas.
Dorang mo pigi cari baju baru tadi pagi neh.,Mereka akan pergi mencari baju baru tadi pagi.
Dia so jual oto cepat-cepat sto.,Dia sudah menjual mobil dengan cepat.
Mama so makang baju baru cepat-cepat to.,Ibu sudah makan baju baru dengan cepat.
Dorang nyanda suka oto di Megamas sto.,Mereka tidak suka mobil di Megamas.
Paitua so jual baju baru diam-diam neh.,Pacar (lk) sudah menjual baju baru diam-diam.
Dia nyanda suka hp pas ujang kote.,Dia tidak suka handphone saat hujan.
Tu dosen mo pigi cari makanan diam-diam kote.,Dosen itu akan pergi mencari makanan diam-diam.
Tu dosen mo pigi cari tugas skripsi kemarin sore to.,Dosen itu akan pergi mencari tugas skripsi kemarin sore.
Mama ada lia hp cepat-cepat sto.,Ibu melihat handphone dengan cepat.
Ngoni so beking oto di Megamas dang.,Kalian sudah membuat mobil di Megamas.
Ngana so beking doi di Megamas kote.,Kamu sudah membuat uang di Megamas.
Dia so beking baju baru tadi pagi neh.,Dia sudah membuat baju baru tadi pagi.
Ngoni ba tele baju baru kemarin sore kang.,Kalian menelepon baju baru kemarin sore.
Paitua mo pigi cari makanan diam-diam sto.,Pacar (lk) akan pergi mencari makanan diam-diam.
Tu dosen ada lia laporan di kampus jo.,Dosen itu melihat laporan di kampus.
Mama so beking kunci rumah di Megamas neh.,Ibu sudah membuat kunci rumah di Megamas.
Dorang so beking hp diam-diam jo.,Mereka sudah membuat handphone diam-diam.
Ngana so jual kunci rumah diam-diam jo.,Kamu sudah menjual kunci rumah diam-diam.
Mama so makang oto pas ujang kote.,Ibu sudah makan mobil saat hujan.
Torang nyanda suka hp tadi pagi kang.,Kami tidak suka handphone tadi pagi.
Tu dosen ba tele laporan kemarin sore jo.,Dosen itu menelepon laporan kemarin sore.
Mama lupa bawa kunci rumah cepat-cepat jo.,Ibu lupa membawa kunci rumah dengan cepat.
Kita mo pigi cari doi tadi pagi kote.,Saya akan pergi mencari uang tadi pagi.
Kita so makang makanan tadi pagi jo.,Saya sudah makan makanan tadi pagi.
Dia ba tele tugas skripsi diam-diam jo.,Dia menelepon tugas skripsi diam-diam.
Dia ba tele kunci rumah diam-diam kote.,Dia menelepon kunci rumah diam-diam.
Ngoni mo pigi cari kunci rumah di kampus jo.,Kalian akan pergi mencari kunci rumah di kampus.
Kita ada lia laporan pas ujang jo.,Saya melihat laporan saat hujan.
Maitua ba tele hp diam-diam sto.,Pacar (pr) menelepon handphone diam-diam.
Ngana ba tele hp pas ujang neh.,Kamu menelepon handphone saat hujan.
Paitua mo pigi cari makanan cepat-cepat kang.,Pacar (lk) akan pergi mencari makanan dengan cepat.
Paitua lupa bawa doi diam-diam sto.,Pacar (lk) lupa membawa uang diam-diam.
Ngoni lupa bawa laporan kemarin sore jo.,Kalian lupa membawa laporan kemarin sore.
Maitua lupa bawa tugas skripsi tadi pagi to.,Pacar (pr) lupa membawa tugas skripsi tadi pagi.
Ngoni ba tele kunci rumah diam-diam dang.,Kalian menelepon kunci rumah diam-diam.
Dia so makang tugas skripsi di kampus jo.,Dia sudah makan tugas skripsi di kampus.
Dorang so jual tugas skripsi tadi pagi jo.,Mereka sudah menjual tugas skripsi tadi pagi.
Tu dosen so makang makanan di Megamas to.,Dosen itu sudah makan makanan di Megamas.
Kita so jual tugas skripsi di Megamas neh.,Saya sudah menjual tugas skripsi di Megamas.
Dia mo pigi cari doi pas ujang kang.,Dia akan pergi mencari uang saat hujan.
Kita so jual tugas skripsi cepat-cepat to.,Saya sudah menjual tugas skripsi dengan cepat.
Dorang ba tele baju baru kemarin sore kang.,Mereka menelepon baju baru kemarin sore.
Mama nyanda suka hp diam-diam kote.,Ibu tidak suka handphone diam-diam.
Kita ba tele baju baru diam-diam to.,Saya menelepon baju baru diam-diam.
Tu dosen so jual tugas skripsi pas ujang kang.,Dosen itu sudah menjual tugas skripsi saat hujan.
Tu dosen so makang oto tadi pagi sto.,Dosen itu sudah makan mobil tadi pagi.
Torang so makang makanan tadi pagi to.,Kami sudah makan makanan tadi pagi.
Dia lupa bawa makanan di kampus to.,Dia lupa membawa makanan di kampus.
Tu dosen ba tele tugas skripsi di kampus neh.,Dosen itu menelepon tugas skripsi di kampus.
Dorang lupa bawa kunci rumah diam-diam kote.,Mereka lupa membawa kunci rumah diam-diam.
Ngoni nyanda suka tugas skripsi cepat-cepat dang.,Kalian tidak suka tugas skripsi dengan cepat.
Dia lupa bawa makanan di kampus neh.,Dia lupa membawa makanan di kampus.
Ngana so jual laporan diam-diam to.,Kamu sudah menjual laporan diam-diam.
Maitua so makang baju baru tadi pagi neh.,Pacar (pr) sudah makan baju baru tadi pagi.
Kita so jual tugas skripsi di Megamas dang.,Saya sudah menjual tugas skripsi di Megamas.
Ngana ada lia tugas skripsi tadi pagi kote.,Kamu melihat tugas skripsi tadi pagi.
Ngoni so jual oto tadi pagi sto.,Kalian sudah menjual mobil tadi pagi.
Dorang mo pigi cari kunci rumah cepat-cepat kote.,Mereka akan pergi mencari kunci rumah dengan cepat.
Kita so makang laporan pas ujang neh.,Saya sudah makan laporan saat hujan.
Ngana so jual hp cepat-cepat dang.,Kamu sudah menjual handphone dengan cepat.
Dorang mo pigi cari tugas skripsi pas ujang jo.,Mereka akan pergi mencari tugas skripsi saat hujan.
Dorang so beking oto di kampus dang.,Mereka sudah membuat mobil di kampus.
Ngoni nyanda suka makanan di Megamas jo.,Kalian tidak suka makanan di Megamas.
Maitua mo pigi cari makanan diam-diam kote.,Pacar (pr) akan pergi mencari makanan diam-diam.
Paitua ada lia laporan diam-diam neh.,Pacar (lk) melihat laporan diam-diam.
Dorang so beking kunci rumah tadi pagi kote.,Mereka sudah membuat kunci rumah tadi pagi.
Ngana ba tele hp tadi pagi neh.,Kamu menelepon handphone tadi pagi.
Kita nyanda suka oto tadi pagi jo.,Saya tidak suka mobil tadi pagi.
Ngana lupa bawa oto kemarin sore jo.,Kamu lupa membawa mobil kemarin sore.
Mama so makang laporan di kampus dang.,Ibu sudah makan laporan di kampus.
Dia mo pigi cari oto cepat-cepat to.,Dia akan pergi mencari mobil dengan cepat.
Tu dosen nyanda suka doi kemarin sore sto.,Dosen itu tidak suka uang kemarin sore.
Ngoni nyanda suka hp pas ujang neh.,Kalian tidak suka handphone saat hujan.
Dorang lupa bawa laporan kemarin sore to.,Mereka lupa membawa laporan kemarin sore.
Dorang ada lia doi pas ujang to.,Mereka melihat uang saat hujan.
Paitua so beking hp di kampus to.,Pacar (lk) sudah membuat handphone di kampus.
Kita lupa bawa hp tadi pagi sto.,Saya lupa membawa handphone tadi pagi.
Dorang so makang hp di kampus jo.,Mereka sudah makan handphone di kampus.
Dia mo pigi cari baju baru cepat-cepat sto.,Dia akan pergi mencari baju baru dengan cepat.
Mama ba tele oto kemarin sore neh.,Ibu menelepon mobil kemarin sore.
Ngana ada lia kunci rumah di kampus sto.,Kamu melihat kunci rumah di kampus.
Dorang lupa bawa doi di Megamas to.,Mereka lupa membawa uang di Megamas.
Paitua ba tele tugas skripsi kemarin sore neh.,Pacar (lk) menelepon tugas skripsi kemarin sore.
Ngana lupa bawa hp di kampus kang.,Kamu lupa membawa handphone di kampus.
Dorang ba tele kunci rumah tadi pagi kang.,Mereka menelepon kunci rumah tadi pagi.
Mama lupa bawa kunci rumah pas ujang jo.,Ibu lupa membawa kunci rumah saat hujan.
Tu dosen nyanda suka laporan kemarin sore kote.,Dosen itu tidak suka laporan kemarin sore.
Kita so makang oto kemarin sore sto.,Saya sudah makan mobil kemarin sore.
Kita so jual tugas skripsi di Megamas jo.,Saya sudah menjual tugas skripsi di Megamas.
Tu dosen nyanda suka tugas skripsi pas ujang kote.,Dosen itu tidak suka tugas skripsi saat hujan.
Ngoni so makang doi kemarin sore jo.,Kalian sudah makan uang kemarin sore.
Tu dosen so makang laporan pas ujang neh.,Dosen itu sudah makan laporan saat hujan.
Ngana nyanda suka doi di Megamas to.,Kamu tidak suka uang di Megamas.
Tu dosen ada lia kunci rumah pas ujang jo.,Dosen itu melihat kunci rumah saat hujan.
Mama mo pigi cari kunci rumah di Megamas dang.,Ibu akan pergi mencari kunci rumah di Megamas.
Kita lupa bawa kunci rumah di Megamas jo.,Saya lupa membawa kunci rumah di Megamas.
Ngana nyanda suka doi kemarin sore jo.,Kamu tidak suka uang kemarin sore.
Maitua ada lia hp diam-diam kote.,Pacar (pr) melihat handphone diam-diam.
Ngana ba tele baju baru di Megamas dang.,Kamu menelepon baju baru di Megamas.
Maitua mo pigi cari kunci rumah cepat-cepat dang.,Pacar (pr) akan pergi mencari kunci rumah dengan cepat.
Maitua so jual makanan diam-diam kang.,Pacar (pr) sudah menjual makanan diam-diam.
Tu dosen ada lia laporan diam-diam kote.,Dosen itu melihat laporan diam-diam.
Dia ba tele hp pas ujang dang.,Dia menelepon handphone saat hujan.
Mama mo pigi cari kunci rumah di kampus jo.,Ibu akan pergi mencari kunci rumah di kampus.
Maitua so makang hp cepat-cepat sto.,Pacar (pr) sudah makan handphone dengan cepat.
Tu dosen ada lia tugas skripsi tadi pagi kote.,Dosen itu melihat tugas skripsi tadi pagi.
Tu dosen so beking oto di kampus dang.,Dosen itu sudah membuat mobil di kampus.
Tu dosen lupa bawa kunci rumah di Megamas kote.,Dosen itu lupa membawa kunci rumah di Megamas.
Torang so makang laporan di Megamas sto.,Kami sudah makan laporan di Megamas.
Dorang so beking hp cepat-cepat kote.,Mereka sudah membuat handphone dengan cepat.
Ngana ba tele makanan diam-diam kote.,Kamu menelepon makanan diam-diam.
Mama ada lia oto kemarin sore neh.,Ibu melihat mobil kemarin sore.
Tu dosen so beking doi pas ujang kote.,Dosen itu sudah membuat uang saat hujan.
Paitua nyanda suka kunci rumah di kampus jo.,Pacar (lk) tidak suka kunci rumah di kampus.
Dia lupa bawa oto pas ujang dang.,Dia lupa membawa mobil saat hujan.
Mama so makang kunci rumah pas ujang neh.,Ibu sudah makan kunci rumah saat hujan.
Ngana ba tele laporan pas ujang kote.,Kamu menelepon laporan saat hujan.
Ngana so jual kunci rumah di Megamas to.,Kamu sudah menjual kunci rumah di Megamas.
Tu dosen so beking hp kemarin sore to.,Dosen itu sudah membuat handphone kemarin sore.
Kita mo pigi cari laporan kemarin sore to.,Saya akan pergi mencari laporan kemarin sore.
Tu dosen lupa bawa kunci rumah di kampus jo.,Dosen itu lupa membawa kunci rumah di kampus.
Dorang ada lia makanan cepat-cepat dang.,Mereka melihat makanan dengan cepat.
Tu dosen so beking laporan diam-diam sto.,Dosen itu sudah membuat laporan diam-diam.
Dia so beking kunci rumah cepat-cepat neh.,Dia sudah membuat kunci rumah dengan cepat.
Ngana mo pigi cari oto cepat-cepat kote.,Kamu akan pergi mencari mobil dengan cepat.
Maitua so makang baju baru kemarin sore kote.,Pacar (pr) sudah makan baju baru kemarin sore.
Maitua so makang doi diam-diam neh.,Pacar (pr) sudah makan uang diam-diam.
Paitua so beking oto cepat-cepat jo.,Pacar (lk) sudah membuat mobil dengan cepat.
Ngoni nyanda suka laporan di Megamas kote.,Kalian tidak suka laporan di Megamas.
Dorang ba tele hp di kampus jo.,Mereka menelepon handphone di kampus.
Dia so jual hp kemarin sore sto.,Dia sudah menjual handphone kemarin sore.
Tu dosen ba tele hp pas ujang jo.,Dosen itu menelepon handphone saat hujan.
Maitua ada lia hp tadi pagi kang.,Pacar (pr) melihat handphone tadi pagi.
Paitua so makang kunci rumah diam-diam jo.,Pacar (lk) sudah makan kunci rumah diam-diam.
Dia ba tele laporan pas ujang dang.,Dia menelepon laporan saat hujan.
Dia ba tele kunci rumah di Megamas sto.,Dia menelepon kunci rumah di Megamas.
Kita mo pigi cari hp cepat-cepat jo.,Saya akan pergi mencari handphone dengan cepat.
Maitua nyanda suka oto di Megamas dang.,Pacar (pr) tidak suka mobil di Megamas.
Ngoni lupa bawa oto di kampus jo.,Kalian lupa membawa mobil di kampus.
Kita so makang baju baru kemarin sore jo.,Saya sudah makan baju baru kemarin sore.
Maitua mo pigi cari makanan pas ujang to.,Pacar (pr) akan pergi mencari makanan saat hujan.
Ngana ba tele kunci rumah di Megamas jo.,Kamu menelepon kunci rumah di Megamas.
Tu dosen nyanda suka hp kemarin sore neh.,Dosen itu tidak suka handphone kemarin sore.
Paitua ba tele baju baru pas ujang sto.,Pacar (lk) menelepon baju baru saat hujan.
Mama so makang doi pas ujang dang.,Ibu sudah makan uang saat hujan.
Paitua so beking doi cepat-cepat neh.,Pacar (lk) sudah membuat uang dengan cepat.
Paitua nyanda suka hp tadi pagi kote.,Pacar (lk) tidak suka handphone tadi pagi.
Mama so beking laporan diam-diam neh.,Ibu sudah membuat laporan diam-diam.
Dorang ada lia tugas skripsi di kampus kote.,Mereka melihat tugas skripsi di kampus.
Torang ba tele hp pas ujang to.,Kami menelepon handphone saat hujan.
Dia ba tele kunci rumah cepat-cepat jo.,Dia menelepon kunci rumah dengan cepat.
Tu dosen so jual baju baru kemarin sore kote.,Dosen itu sudah menjual baju baru kemarin sore.
Dorang lupa bawa laporan di kampus dang.,Mereka lupa membawa laporan di kampus.
Ngoni so jual makanan tadi pagi kote.,Kalian sudah menjual makanan tadi pagi.
Tu dosen ba tele oto di kampus dang.,Dosen itu menelepon mobil di kampus.
Maitua mo pigi cari baju baru diam-diam jo.,Pacar (pr) akan pergi mencari baju baru diam-diam.
Dorang ada lia hp diam-diam dang.,Mereka melihat handphone diam-diam.
Paitua ba tele doi di Megamas dang.,Pacar (lk) menelepon uang di Megamas.
Ngana lupa bawa kunci rumah tadi pagi neh.,Kamu lupa membawa kunci rumah tadi pagi.
Dorang so beking oto cepat-cepat sto.,Mereka sudah membuat mobil dengan cepat.
Ngoni so beking baju baru di kampus kang.,Kalian sudah membuat baju baru di kampus.
Tu dosen mo pigi cari makanan pas ujang kang.,Dosen itu akan pergi mencari makanan saat hujan.
Ngoni so jual doi di kampus neh.,Kalian sudah menjual uang di kampus.
Mama nyanda suka hp di kampus kote.,Ibu tidak suka handphone di kampus.
Dorang nyanda suka tugas skripsi tadi pagi kang.,Mereka tidak suka tugas skripsi tadi pagi.
Maitua nyanda suka kunci rumah diam-diam sto.,Pacar (pr) tidak suka kunci rumah diam-diam.
Maitua ada lia tugas skripsi cepat-cepat to.,Pacar (pr) melihat tugas skripsi dengan cepat.
Maitua mo pigi cari oto pas ujang kang.,Pacar (pr) akan pergi mencari mobil saat hujan.
Torang nyanda suka makanan di kampus kang.,Kami tidak suka makanan di kampus.
Kita nyanda suka doi diam-diam kote.,Saya tidak suka uang diam-diam.
Kita so beking makanan pas ujang jo.,Saya sudah membuat makanan saat hujan.
Maitua mo pigi cari doi di Megamas kang.,Pacar (pr) akan pergi mencari uang di Megamas.
Dorang so makang laporan tadi pagi kote.,Mereka sudah makan laporan tadi pagi.
Maitua lupa bawa baju baru diam-diam dang.,Pacar (pr) lupa membawa baju baru diam-diam.
Ngoni lupa bawa kunci rumah kemarin sore to.,Kalian lupa membawa kunci rumah kemarin sore.
Tu dosen mo pigi cari hp diam-diam sto.,Dosen itu akan pergi mencari handphone diam-diam.
Dorang ada lia baju baru tadi pagi jo.,Mereka melihat baju baru tadi pagi.
Dia nyanda suka baju baru di Megamas dang.,Dia tidak suka baju baru di Megamas.
Paitua so jual kunci rumah kemarin sore jo.,Pacar (lk) sudah menjual kunci rumah kemarin sore.
Dia so beking kunci rumah cepat-cepat kang.,Dia sudah membuat kunci rumah dengan cepat.
Maitua nyanda suka makanan kemarin sore to.,Pacar (pr) tidak suka makanan kemarin sore.
Ngana so makang doi tadi pagi neh.,Kamu sudah makan uang tadi pagi.
Torang lupa bawa laporan pas ujang dang.,Kami lupa membawa laporan saat hujan.
Maitua so makang kunci rumah di Megamas kote.,Pacar (pr) sudah makan kunci rumah di Megamas.
Dia ada lia baju baru pas ujang to.,Dia melihat baju baru saat hujan.
Torang ada lia doi di Megamas jo.,Kami melihat uang di Megamas.
Mama lupa bawa hp di kampus to.,Ibu lupa membawa handphone di kampus.
Tu dosen ada lia makanan tadi pagi sto.,Dosen itu melihat makanan tadi pagi.
Ngana ada lia makanan cepat-cepat kote.,Kamu melihat makanan dengan cepat.
Kita mo pigi cari oto di kampus kang.,Saya akan pergi mencari mobil di kampus.
Dia ba tele tugas skripsi di kampus to.,Dia menelepon tugas skripsi di kampus.
Kita so beking hp tadi pagi sto.,Saya sudah membuat handphone tadi pagi.
Ngoni so makang hp tadi pagi to.,Kalian sudah makan handphone tadi pagi.
Tu dosen ada lia tugas skripsi di Megamas jo.,Dosen itu melihat tugas skripsi di Megamas.
Maitua so makang baju baru tadi pagi kote.,Pacar (pr) sudah makan baju baru tadi pagi.
Mama so makang baju baru di kampus sto.,Ibu sudah makan baju baru di kampus.
Dia mo pigi cari laporan kemarin sore kang.,Dia akan pergi mencari laporan kemarin sore.
Torang so makang kunci rumah diam-diam dang.,Kami sudah makan kunci rumah diam-diam.
Paitua so beking kunci rumah di kampus kang.,Pacar (lk) sudah membuat kunci rumah di kampus.
Ngoni so makang makanan kemarin sore dang.,Kalian sudah makan makanan kemarin sore.
Dorang so makang oto pas ujang jo.,Mereka sudah makan mobil saat hujan.
Ngana so beking makanan di kampus kote.,Kamu sudah membuat makanan di kampus.
Kita lupa bawa tugas skripsi pas ujang dang.,Saya lupa membawa tugas skripsi saat hujan.
Torang ada lia laporan tadi pagi dang.,Kami melihat laporan tadi pagi.
Maitua so jual makanan diam-diam to.,Pacar (pr) sudah menjual makanan diam-diam.
Paitua ba tele hp di kampus neh.,Pacar (lk) menelepon handphone di kampus.
Torang so beking doi tadi pagi kote.,Kami sudah membuat uang tadi pagi.
Paitua mo pigi cari hp diam-diam to.,Pacar (lk) akan pergi mencari handphone diam-diam.
Kita nyanda suka laporan di kampus sto.,Saya tidak suka laporan di kampus.
Tu dosen lupa bawa kunci rumah di Megamas sto.,Dosen itu lupa membawa kunci rumah di Megamas.
Kita lupa bawa makanan di kampus to.,Saya lupa membawa makanan di kampus.
Maitua so beking tugas skripsi di kampus kang.,Pacar (pr) sudah membuat tugas skripsi di kampus.
Ngoni so jual laporan diam-diam to.,Kalian sudah menjual laporan diam-diam.
Ngoni so makang kunci rumah di kampus to.,Kalian sudah makan kunci rumah di kampus.
Paitua ba tele oto cepat-cepat neh.,Pacar (lk) menelepon mobil dengan cepat.
Kita nyanda suka makanan diam-diam sto.,Saya tidak suka makanan diam-diam.
Mama mo pigi cari oto kemarin sore jo.,Ibu akan pergi mencari mobil kemarin sore.
Paitua lupa bawa hp diam-diam dang.,Pacar (lk) lupa membawa handphone diam-diam.
Ngana nyanda suka oto di Megamas kote.,Kamu tidak suka mobil di Megamas.
Dia ba tele baju baru diam-diam sto.,Dia menelepon baju baru diam-diam.
Tu dosen so jual hp cepat-cepat to.,Dosen itu sudah menjual handphone dengan cepat.
Maitua so beking tugas skripsi diam-diam to.,Pacar (pr) sudah membuat tugas skripsi diam-diam.
Tu dosen lupa bawa tugas skripsi kemarin sore neh.,Dosen itu lupa membawa tugas skripsi kemarin sore.
Kita so makang oto pas ujang sto.,Saya sudah makan mobil saat hujan.
Torang mo pigi cari laporan cepat-cepat kote.,Kami akan pergi mencari laporan dengan cepat.
Dia so beking doi tadi pagi jo.,Dia sudah membuat uang tadi pagi.
Ngoni ada lia baju baru di kampus jo.,Kalian melihat baju baru di kampus.
Mama ba tele laporan diam-diam kote.,Ibu menelepon laporan diam-diam.
Dia so beking baju baru di Megamas neh.,Dia sudah membuat baju baru di Megamas.
Paitua lupa bawa oto cepat-cepat dang.,Pacar (lk) lupa membawa mobil dengan cepat.
Maitua ada lia makanan kemarin sore kote.,Pacar (pr) melihat makanan kemarin sore.
Kita so beking tugas skripsi tadi pagi to.,Saya sudah membuat tugas skripsi tadi pagi.
Torang nyanda suka doi kemarin sore kote.,Kami tidak suka uang kemarin sore.
Dorang so jual makanan cepat-cepat neh.,Mereka sudah menjual makanan dengan cepat.
Tu dosen so makang doi di Megamas sto.,Dosen itu sudah makan uang di Megamas.
Dorang so beking makanan di kampus dang.,Mereka sudah membuat makanan di kampus.
Maitua ada lia laporan cepat-cepat kote.,Pacar (pr) melihat laporan dengan cepat.
Ngoni so beking laporan diam-diam dang.,Kalian sudah membuat laporan diam-diam.
Dia so makang baju baru kemarin sore jo.,Dia sudah makan baju baru kemarin sore.
Maitua so makang baju baru diam-diam kote.,Pacar (pr) sudah makan baju baru diam-diam.
Dorang lupa bawa baju baru di Megamas jo.,Mereka lupa membawa baju baru di Megamas.
Ngoni ba tele hp tadi pagi kote.,Kalian menelepon handphone tadi pagi.
Torang so makang baju baru tadi pagi dang.,Kami sudah makan baju baru tadi pagi.
Dorang mo pigi cari oto cepat-cepat jo.,Mereka akan pergi mencari mobil dengan cepat.
Tu dosen ada lia baju baru pas ujang neh.,Dosen itu melihat baju baru saat hujan.
Dorang so makang hp di Megamas neh.,Mereka sudah makan handphone di Megamas.
Paitua so makang baju baru pas ujang to.,Pacar (lk) sudah makan baju baru saat hujan.
Kita so makang makanan tadi pagi to.,Saya sudah makan makanan tadi pagi.
Ngoni lupa bawa makanan di Megamas jo.,Kalian lupa membawa makanan di Megamas.
Mama ada lia makanan pas ujang kang.,Ibu melihat makanan saat hujan.
Tu dosen lupa bawa laporan pas ujang dang.,Dosen itu lupa membawa laporan saat hujan.
Tu dosen nyanda suka tugas skripsi pas ujang jo.,Dosen itu tidak suka tugas skripsi saat hujan.
Mama so jual doi tadi pagi neh.,Ibu sudah menjual uang tadi pagi.
Maitua ba tele oto tadi pagi neh.,Pacar (pr) menelepon mobil tadi pagi.
Ngana ba tele doi di kampus kang.,Kamu menelepon uang di kampus.
Ngoni ba tele makanan pas ujang sto.,Kalian menelepon makanan saat hujan.
Mama ada lia makanan tadi pagi kang.,Ibu melihat makanan tadi pagi.
Mama so beking laporan kemarin sore to.,Ibu sudah membuat laporan kemarin sore.
Mama ada lia makanan di kampus neh.,Ibu melihat makanan di kampus.
Torang ba tele doi di kampus to.,Kami menelepon uang di kampus.
Kita so jual oto di kampus kang.,Saya sudah menjual mobil di kampus.
Paitua so jual oto di kampus to.,Pacar (lk) sudah menjual mobil di kampus.
Mama so jual kunci rumah di kampus jo.,Ibu sudah menjual kunci rumah di kampus.
Maitua so makang baju baru pas ujang kote.,Pacar (pr) sudah makan baju baru saat hujan.
Torang ba tele oto diam-diam dang.,Kami menelepon mobil diam-diam.
Dia so beking baju baru di kampus to.,Dia sudah membuat baju baru di kampus.
Dorang so jual kunci rumah tadi pagi neh.,Mereka sudah menjual kunci rumah tadi pagi.
Ngoni so beking hp tadi pagi neh.,Kalian sudah membuat handphone tadi pagi.
Paitua ada lia baju baru tadi pagi kang.,Pacar (lk) melihat baju baru tadi pagi.
Torang so makang kunci rumah di Megamas to.,Kami sudah makan kunci rumah di Megamas.
Mama nyanda suka doi pas ujang neh.,Ibu tidak suka uang saat hujan.
Dia ba tele tugas skripsi cepat-cepat to.,Dia menelepon tugas skripsi dengan cepat.
Mama ada lia hp kemarin sore kang.,Ibu melihat handphone kemarin sore.
Dia mo pigi cari baju baru tadi pagi kang.,Dia akan pergi mencari baju baru tadi pagi.
Ngoni so makang doi di kampus neh.,Kalian sudah makan uang di kampus.
Tu dosen so beking makanan diam-diam kang.,Dosen itu sudah membuat makanan diam-diam.
Ngoni ba tele laporan di kampus jo.,Kalian menelepon laporan di kampus.
Kita so jual baju baru di Megamas jo.,Saya sudah menjual baju baru di Megamas.
Torang so beking doi di Megamas kang.,Kami sudah membuat uang di Megamas.
Torang lupa bawa doi diam-diam sto.,Kami lupa membawa uang diam-diam.
Paitua lupa bawa kunci rumah diam-diam jo.,Pacar (lk) lupa membawa kunci rumah diam-diam.
Kita lupa bawa doi di kampus neh.,Saya lupa membawa uang di kampus.
Torang mo pigi cari oto diam-diam jo.,Kami akan pergi mencari mobil diam-diam.
Torang so beking makanan cepat-cepat dang.,Kami sudah membuat makanan dengan cepat.
Tu dosen so makang tugas skripsi di kampus kang.,Dosen itu sudah makan tugas skripsi di kampus.
Maitua so beking oto tadi pagi to.,Pacar (pr) sudah membuat mobil tadi pagi.
Ngana so beking oto diam-diam jo.,Kamu sudah membuat mobil diam-diam.
Dia nyanda suka oto pas ujang sto.,Dia tidak suka mobil saat hujan.
Kita nyanda suka laporan diam-diam sto.,Saya tidak suka laporan diam-diam.
Tu dosen so beking oto pas ujang kote.,Dosen itu sudah membuat mobil saat hujan.
Kita lupa bawa baju baru di kampus dang.,Saya lupa membawa baju baru di kampus.
Kita nyanda suka tugas skripsi pas ujang kote.,Saya tidak suka tugas skripsi saat hujan.
Mama so jual hp diam-diam sto.,Ibu sudah menjual handphone diam-diam.
Ngoni ada lia doi cepat-cepat kang.,Kalian melihat uang dengan cepat.
Ngana ada lia hp diam-diam dang.,Kamu melihat handphone diam-diam.
Mama so jual doi tadi pagi sto.,Ibu sudah menjual uang tadi pagi.
Dia so jual tugas skripsi kemarin sore dang.,Dia sudah menjual tugas skripsi kemarin sore.
Kita so beking oto di kampus jo.,Saya sudah membuat mobil di kampus.
Tu dosen mo pigi cari hp diam-diam kang.,Dosen itu akan pergi mencari handphone diam-diam.
Ngana mo pigi cari doi diam-diam sto.,Kamu akan pergi mencari uang diam-diam.
Dia nyanda suka baju baru pas ujang to.,Dia tidak suka baju baru saat hujan.
Dia so beking makanan diam-diam kang.,Dia sudah membuat makanan diam-diam.
Mama so makang doi pas ujang to.,Ibu sudah makan uang saat hujan.
Torang so makang hp tadi pagi jo.,Kami sudah makan handphone tadi pagi.
Ngana so beking tugas skripsi diam-diam kote.,Kamu sudah membuat tugas skripsi diam-diam.
Maitua mo pigi cari makanan di kampus jo.,Pacar (pr) akan pergi mencari makanan di kampus.
Dia ada lia hp pas ujang kang.,Dia melihat handphone saat hujan.
Ngana so makang laporan cepat-cepat kang.,Kamu sudah makan laporan dengan cepat.
Ngoni so beking doi pas ujang sto.,Kalian sudah membuat uang saat hujan.
Paitua lupa bawa doi di kampus jo.,Pacar (lk) lupa membawa uang di kampus.
Kita so beking hp di Megamas dang.,Saya sudah membuat handphone di Megamas.
Maitua ada lia doi diam-diam kote.,Pacar (pr) melihat uang diam-diam.
Kita so beking baju baru pas ujang kote.,Saya sudah membuat baju baru saat hujan.
Ngoni nyanda suka laporan tadi pagi dang.,Kalian tidak suka laporan tadi pagi.
Mama so beking laporan di Megamas neh.,Ibu sudah membuat laporan di Megamas.
Torang ada lia doi cepat-cepat to.,Kami melihat uang dengan cepat.
Mama nyanda suka tugas skripsi kemarin sore jo.,Ibu tidak suka tugas skripsi kemarin sore.
Paitua so jual hp diam-diam to.,Pacar (lk) sudah menjual handphone diam-diam.
Dorang so jual doi kemarin sore kang.,Mereka sudah menjual uang kemarin sore.
Kita ada lia doi tadi pagi kang.,Saya melihat uang tadi pagi.
Tu dosen lupa bawa kunci rumah diam-diam dang.,Dosen itu lupa membawa kunci rumah diam-diam.
Kita so beking makanan kemarin sore dang.,Saya sudah membuat makanan kemarin sore.
Torang ada lia tugas skripsi tadi pagi jo.,Kami melihat tugas skripsi tadi pagi.
Torang lupa bawa doi di kampus dang.,Kami lupa membawa uang di kampus.
Torang mo pigi cari tugas skripsi di Megamas kote.,Kami akan pergi mencari tugas skripsi di Megamas.
Kita so makang doi pas ujang neh.,Saya sudah makan uang saat hujan.
Tu dosen mo pigi cari baju baru pas ujang kang.,Dosen itu akan pergi mencari baju baru saat hujan.
Kita so makang kunci rumah diam-diam neh.,Saya sudah makan kunci rumah diam-diam.
Maitua ada lia laporan diam-diam sto.,Pacar (pr) melihat laporan diam-diam.
Maitua nyanda suka baju baru tadi pagi dang.,Pacar (pr) tidak suka baju baru tadi pagi.
Dia ba tele tugas skripsi kemarin sore to.,Dia menelepon tugas skripsi kemarin sore.
Mama so jual makanan diam-diam to.,Ibu sudah menjual makanan diam-diam.
Torang so jual makanan di kampus dang.,Kami sudah menjual makanan di kampus.
Paitua ada lia tugas skripsi tadi pagi jo.,Pacar (lk) melihat tugas skripsi tadi pagi.
Paitua nyanda suka makanan di kampus neh.,Pacar (lk) tidak suka makanan di kampus.
Kita ba tele laporan di Megamas sto.,Saya menelepon laporan di Megamas.
Kita ada lia hp kemarin sore kang.,Saya melihat handphone kemarin sore.
Maitua so jual oto di Megamas kang.,Pacar (pr) sudah menjual mobil di Megamas.
Maitua so jual kunci rumah diam-diam to.,Pacar (pr) sudah menjual kunci rumah diam-diam.
Mama so jual doi diam-diam sto.,Ibu sudah menjual uang diam-diam.
Torang so beking hp kemarin sore kote.,Kami sudah membuat handphone kemarin sore.
Ngoni mo pigi cari makanan diam-diam dang.,Kalian akan pergi mencari makanan diam-diam.
Maitua so beking oto di kampus to.,Pacar (pr) sudah membuat mobil di kampus.
Paitua so makang kunci rumah di kampus dang.,Pacar (lk) sudah makan kunci rumah di kampus.
Kita lupa bawa tugas skripsi cepat-cepat kote.,Saya lupa membawa tugas skripsi dengan cepat.
Mama so beking baju baru diam-diam kote.,Ibu sudah membuat baju baru diam-diam.
Maitua ada lia oto di Megamas kang.,Pacar (pr) melihat mobil di Megamas.
Torang lupa bawa tugas skripsi tadi pagi kang.,Kami lupa membawa tugas skripsi tadi pagi.
Paitua mo pigi cari makanan di Megamas neh.,Pacar (lk) akan pergi mencari makanan di Megamas.
Kita so makang doi tadi pagi kote.,Saya sudah makan uang tadi pagi.
Dorang ada lia oto diam-diam kote.,Mereka melihat mobil diam-diam.
Mama mo pigi cari baju baru tadi pagi neh.,Ibu akan pergi mencari baju baru tadi pagi.
Dia ba tele hp tadi pagi jo.,Dia menelepon handphone tadi pagi.
Tu dosen lupa bawa doi di kampus kote.,Dosen itu lupa membawa uang di kampus.
Ngoni mo pigi cari kunci rumah di Megamas sto.,Kalian akan pergi mencari kunci rumah di Megamas.
Tu dosen so makang laporan cepat-cepat kote.,Dosen itu sudah makan laporan dengan cepat.
Tu dosen lupa bawa makanan di kampus kote.,Dosen itu lupa membawa makanan di kampus.
Dia so makang kunci rumah tadi pagi kote.,Dia sudah makan kunci rumah tadi pagi.
Kita lupa bawa hp pas ujang sto.,Saya lupa membawa handphone saat hujan.
Mama mo pigi cari hp kemarin sore kote.,Ibu akan pergi mencari handphone kemarin sore.
Dorang nyanda suka doi kemarin sore dang.,Mereka tidak suka uang kemarin sore.
Ngoni so beking makanan di kampus jo.,Kalian sudah membuat makanan di kampus.
Ngoni so makang hp tadi pagi kang.,Kalian sudah makan handphone tadi pagi.
Paitua nyanda suka tugas skripsi diam-diam neh.,Pacar (lk) tidak suka tugas skripsi diam-diam.
Mama lupa bawa hp di kampus to.,Ibu lupa membawa handphone di kampus.
Kita so makang tugas skripsi di Megamas jo.,Saya sudah makan tugas skripsi di Megamas.
Dia ba tele makanan tadi pagi kang.,Dia menelepon makanan tadi pagi.
Ngoni nyanda suka doi cepat-cepat to.,Kalian tidak suka uang dengan cepat.
Dia so makang tugas skripsi diam-diam kang.,Dia sudah makan tugas skripsi diam-diam.
Maitua ba tele oto tadi pagi sto.,Pacar (pr) menelepon mobil tadi pagi.
Mama ba tele doi diam-diam neh.,Ibu menelepon uang diam-diam.
Dia so makang makanan cepat-cepat kang.,Dia sudah makan makanan dengan cepat.
Dorang ba tele doi di kampus jo.,Mereka menelepon uang di kampus.
Kita nyanda suka baju baru diam-diam kote.,Saya tidak suka baju baru diam-diam.
Ngana lupa bawa laporan cepat-cepat sto.,Kamu lupa membawa laporan dengan cepat.
Maitua so jual laporan di kampus kote.,Pacar (pr) sudah menjual laporan di kampus.
Paitua mo pigi cari hp di Megamas kang.,Pacar (lk) akan pergi mencari handphone di Megamas.
Dorang so beking hp diam-diam kote.,Mereka sudah membuat handphone diam-diam.
Paitua ba tele kunci rumah di kampus sto.,Pacar (lk) menelepon kunci rumah di kampus.
Ngoni mo pigi cari tugas skripsi kemarin sore kang.,Kalian akan pergi mencari tugas skripsi kemarin sore.
Ngana lupa bawa laporan cepat-cepat neh.,Kamu lupa membawa laporan dengan cepat.
Paitua lupa bawa tugas skripsi kemarin sore to.,Pacar (lk) lupa membawa tugas skripsi kemarin sore.
Tu dosen so beking doi pas ujang jo.,Dosen itu sudah membuat uang saat hujan.
Tu dosen ada lia hp cepat-cepat kang.,Dosen itu melihat handphone dengan cepat.
Ngana ada lia doi diam-diam dang.,Kamu melihat uang diam-diam.
Paitua so beking laporan cepat-cepat neh.,Pacar (lk) sudah membuat laporan dengan cepat.
Mama ba tele tugas skripsi pas ujang dang.,Ibu menelepon tugas skripsi saat hujan.
Tu dosen nyanda suka baju baru diam-diam kang.,Dosen itu tidak suka baju baru diam-diam.
Mama ba tele baju baru diam-diam kote.,Ibu menelepon baju baru diam-diam.
Maitua so jual kunci rumah kemarin sore to.,Pacar (pr) sudah menjual kunci rumah kemarin sore.
Kita so makang makanan cepat-cepat sto.,Saya sudah makan makanan dengan cepat.
Tu dosen ada lia doi cepat-cepat to.,Dosen itu melihat uang dengan cepat.
Mama so jual kunci rumah diam-diam jo.,Ibu sudah menjual kunci rumah diam-diam.
Dia so makang doi cepat-cepat kote.,Dia sudah makan uang dengan cepat.
Torang ba tele laporan diam-diam neh.,Kami menelepon laporan diam-diam.
Ngana so beking hp diam-diam neh.,Kamu sudah membuat handphone diam-diam.
Kita so makang laporan di Megamas jo.,Saya sudah makan laporan di Megamas.
Tu dosen mo pigi cari laporan kemarin sore to.,Dosen itu akan pergi mencari laporan kemarin sore.
Ngana so beking oto diam-diam kang.,Kamu sudah membuat mobil diam-diam.
Dorang so beking hp tadi pagi dang.,Mereka sudah membuat handphone tadi pagi.
Mama so makang baju baru kemarin sore kang.,Ibu sudah makan baju baru kemarin sore.
Torang so makang baju baru diam-diam kote.,Kami sudah makan baju baru diam-diam.
Ngoni ba tele makanan cepat-cepat kang.,Kalian menelepon makanan dengan cepat.
Kita mo pigi cari doi cepat-cepat kang.,Saya akan pergi mencari uang dengan cepat.
Maitua lupa bawa baju baru pas ujang kote.,Pacar (pr) lupa membawa baju baru saat hujan.
Ngoni so beking kunci rumah cepat-cepat kang.,Kalian sudah membuat kunci rumah dengan cepat.
Mama nyanda suka makanan kemarin sore kote.,Ibu tidak suka makanan kemarin sore.
Maitua nyanda suka tugas skripsi diam-diam to.,Pacar (pr) tidak suka tugas skripsi diam-diam.
Torang nyanda suka hp tadi pagi sto.,Kami tidak suka handphone tadi pagi.
Mama so makang laporan tadi pagi to.,Ibu sudah makan laporan tadi pagi.
Ngoni ada lia hp diam-diam neh.,Kalian melihat handphone diam-diam.
Dia mo pigi cari kunci rumah cepat-cepat sto.,Dia akan pergi mencari kunci rumah dengan cepat.
Dorang so beking tugas skripsi di kampus kang.,Mereka sudah membuat tugas skripsi di kampus.
Torang so beking tugas skripsi di Megamas kang.,Kami sudah membuat tugas skripsi di Megamas.
Ngoni so beking makanan di kampus kang.,Kalian sudah membuat makanan di kampus.
Dia so makang makanan di Megamas kang.,Dia sudah makan makanan di Megamas.
Torang mo pigi cari makanan di Megamas kang.,Kami akan pergi mencari makanan di Megamas.
Paitua so makang kunci rumah di Megamas to.,Pacar (lk) sudah makan kunci rumah di Megamas.
Tu dosen so beking baju baru di kampus to.,Dosen itu sudah membuat baju baru di kampus.
Kita so jual baju baru di Megamas sto.,Saya sudah menjual baju baru di Megamas.
Ngana ba tele makanan kemarin sore neh.,Kamu menelepon makanan kemarin sore.
Ngoni so makang makanan di kampus jo.,Kalian sudah makan makanan di kampus.
Mama lupa bawa kunci rumah diam-diam dang.,Ibu lupa membawa kunci rumah diam-diam.
Torang lupa bawa laporan pas ujang sto.,Kami lupa membawa laporan saat hujan.
Tu dosen so beking kunci rumah pas ujang jo.,Dosen itu sudah membuat kunci rumah saat hujan.
Dia so jual makanan tadi pagi dang.,Dia sudah menjual makanan tadi pagi.
Ngoni mo pigi cari kunci rumah di Megamas kang.,Kalian akan pergi mencari kunci rumah di Megamas.
Ngoni so jual hp cepat-cepat kote.,Kalian sudah menjual handphone dengan cepat.
Dorang ada lia baju baru diam-diam jo.,Mereka melihat baju baru diam-diam.
Paitua ada lia hp tadi pagi kang.,Pacar (lk) melihat handphone tadi pagi.
Dia so makang baju baru kemarin sore neh.,Dia sudah makan baju baru kemarin sore.
Paitua lupa bawa tugas skripsi di Megamas to.,Pacar (lk) lupa membawa tugas skripsi di Megamas.
Ngana ada lia laporan kemarin sore kote.,Kamu melihat laporan kemarin sore.
Torang so jual doi pas ujang kang.,Kami sudah menjual uang saat hujan.
Tu dosen nyanda suka tugas skripsi di Megamas to.,Dosen itu tidak suka tugas skripsi di Megamas.
Ngana so jual oto kemarin sore kang.,Kamu sudah menjual mobil kemarin sore.
Dorang ba tele oto diam-diam sto.,Mereka menelepon mobil diam-diam.
Dorang so jual oto di kampus jo.,Mereka sudah menjual mobil di kampus.
Maitua so jual baju baru cepat-cepat dang.,Pacar (pr) sudah menjual baju baru dengan cepat.
Tu dosen so jual hp tadi pagi jo.,Dosen itu sudah menjual handphone tadi pagi.
Tu dosen lupa bawa hp di kampus neh.,Dosen itu lupa membawa handphone di kampus.
Kita lupa bawa doi di kampus dang.,Saya lupa membawa uang di kampus.
Ngana so beking oto diam-diam neh.,Kamu sudah membuat mobil diam-diam.
Kita so beking kunci rumah kemarin sore to.,Saya sudah membuat kunci rumah kemarin sore.
Ngana so jual hp diam-diam to.,Kamu sudah menjual handphone diam-diam.
Ngoni lupa bawa baju baru tadi pagi neh.,Kalian lupa membawa baju baru tadi pagi.
Ngana so beking laporan di Megamas sto.,Kamu sudah membuat laporan di Megamas.
Dorang nyanda suka laporan cepat-cepat to.,Mereka tidak suka laporan dengan cepat.
Torang nyanda suka laporan kemarin sore kang.,Kami tidak suka laporan kemarin sore.
Ngana nyanda suka makanan di Megamas to.,Kamu tidak suka makanan di Megamas.
Maitua mo pigi cari hp diam-diam neh.,Pacar (pr) akan pergi mencari handphone diam-diam.
Paitua ba tele oto di kampus neh.,Pacar (lk) menelepon mobil di kampus.
Tu dosen nyanda suka hp diam-diam kote.,Dosen itu tidak suka handphone diam-diam.
Ngoni so makang kunci rumah cepat-cepat kote.,Kalian sudah makan kunci rumah dengan cepat.
Ngoni so jual oto cepat-cepat dang.,Kalian sudah menjual mobil dengan cepat.
Ngoni so beking hp kemarin sore neh.,Kalian sudah membuat handphone kemarin sore.
Tu dosen ada lia baju baru diam-diam to.,Dosen itu melihat baju baru diam-diam.
Dia lupa bawa doi tadi pagi sto.,Dia lupa membawa uang tadi pagi.
Torang nyanda suka baju baru tadi pagi dang.,Kami tidak suka baju baru tadi pagi.
Ngoni so makang kunci rumah pas ujang jo.,Kalian sudah makan kunci rumah saat hujan.
Paitua ba tele hp tadi pagi dang.,Pacar (lk) menelepon handphone tadi pagi.
Mama so makang hp tadi pagi sto.,Ibu sudah makan handphone tadi pagi.
Ngoni ada lia baju baru diam-diam kote.,Kalian melihat baju baru diam-diam.
Dia ba tele doi diam-diam neh.,Dia menelepon uang diam-diam.
Torang mo pigi cari doi di Megamas sto.,Kami akan pergi mencari uang di Megamas.
Kita so jual tugas skripsi diam-diam sto.,Saya sudah menjual tugas skripsi diam-diam.
Torang so beking hp di Megamas kang.,Kami sudah membuat handphone di Megamas.
Tu dosen so makang hp pas ujang to.,Dosen itu sudah makan handphone saat hujan.
Dia ba tele makanan di kampus jo.,Dia menelepon makanan di kampus.
Paitua lupa bawa baju baru tadi pagi sto.,Pacar (lk) lupa membawa baju baru tadi pagi.
Torang so jual tugas skripsi di kampus neh.,Kami sudah menjual tugas skripsi di kampus.
Ngoni so makang tugas skripsi cepat-cepat jo.,Kalian sudah makan tugas skripsi dengan cepat.
Maitua ada lia kunci rumah cepat-cepat to.,Pacar (pr) melihat kunci rumah dengan cepat.
Torang so jual tugas skripsi di kampus to.,Kami sudah menjual tugas skripsi di kampus.
Ngoni nyanda suka makanan di kampus kote.,Kalian tidak suka makanan di kampus.
Maitua so beking makanan di kampus jo.,Pacar (pr) sudah membuat makanan di kampus.
Tu dosen so makang makanan tadi pagi to.,Dosen itu sudah makan makanan tadi pagi.
Tu dosen ada lia oto cepat-cepat sto.,Dosen itu melihat mobil dengan cepat.
Kita ba tele baju baru cepat-cepat neh.,Saya menelepon baju baru dengan cepat.
Tu dosen ada lia tugas skripsi pas ujang dang.,Dosen itu melihat tugas skripsi saat hujan.
Paitua so beking makanan di Megamas dang.,Pacar (lk) sudah membuat makanan di Megamas.
Ngana ba tele makanan cepat-cepat neh.,Kamu menelepon makanan dengan cepat.
Ngana so jual baju baru di Megamas kote.,Kamu sudah menjual baju baru di Megamas.
Dia ba tele tugas skripsi tadi pagi to.,Dia menelepon tugas skripsi tadi pagi.
Ngoni so makang makanan diam-diam neh.,Kalian sudah makan makanan diam-diam.
Dia mo pigi cari makanan cepat-cepat dang.,Dia akan pergi mencari makanan dengan cepat.
Dia mo pigi cari tugas skripsi diam-diam kote.,Dia akan pergi mencari tugas skripsi diam-diam.
Ngana ba tele kunci rumah kemarin sore neh.,Kamu menelepon kunci rumah kemarin sore.
Dia so makang oto cepat-cepat dang.,Dia sudah makan mobil dengan cepat.
Ngana so jual hp kemarin sore to.,Kamu sudah menjual handphone kemarin sore.
Dorang mo pigi cari laporan cepat-cepat sto.,Mereka akan pergi mencari laporan dengan cepat.
Dorang nyanda suka tugas skripsi di Megamas sto.,Mereka tidak suka tugas skripsi di Megamas.
Ngana mo pigi cari hp di Megamas kote.,Kamu akan pergi mencari handphone di Megamas.
Ngana so beking doi pas ujang neh.,Kamu sudah membuat uang saat hujan.
Ngoni lupa bawa oto di Megamas jo.,Kalian lupa membawa mobil di Megamas.
Mama nyanda suka doi pas ujang kang.,Ibu tidak suka uang saat hujan.
Tu dosen so jual kunci rumah pas ujang kote.,Dosen itu sudah menjual kunci rumah saat hujan.
Paitua so jual tugas skripsi tadi pagi kang.,Pacar (lk) sudah menjual tugas skripsi tadi pagi.
Ngana so makang oto tadi pagi dang.,Kamu sudah makan mobil tadi pagi.
Mama so beking hp tadi pagi dang.,Ibu sudah membuat handphone tadi pagi.
Tu dosen ada lia baju baru di Megamas kote.,Dosen itu melihat baju baru di Megamas.
Ngana nyanda suka makanan di Megamas jo.,Kamu tidak suka makanan di Megamas.
Paitua ada lia kunci rumah cepat-cepat kang.,Pacar (lk) melihat kunci rumah dengan cepat.
Kita ada lia baju baru diam-diam dang.,Saya melihat baju baru diam-diam.
Ngana so beking hp tadi pagi kang.,Kamu sudah membuat handphone tadi pagi.
Ngana so makang laporan tadi pagi dang.,Kamu sudah makan laporan tadi pagi.
Ngoni ada lia baju baru kemarin sore jo.,Kalian melihat baju baru kemarin sore.
Dorang so jual kunci rumah cepat-cepat kang.,Mereka sudah menjual kunci rumah dengan cepat.
Ngoni so makang baju baru cepat-cepat neh.,Kalian sudah makan baju baru dengan cepat.
Paitua mo pigi cari baju baru pas ujang kote.,Pacar (lk) akan pergi mencari baju baru saat hujan.
Ngana mo pigi cari kunci rumah cepat-cepat neh.,Kamu akan pergi mencari kunci rumah dengan cepat.
Tu dosen so jual doi pas ujang kote.,Dosen itu sudah menjual uang saat hujan.
Mama so makang laporan tadi pagi kote.,Ibu sudah makan laporan tadi pagi.
Dia ada lia laporan diam-diam jo.,Dia melihat laporan diam-diam.
Ngana ada lia hp pas ujang jo.,Kamu melihat handphone saat hujan.
Kita nyanda suka makanan diam-diam to.,Saya tidak suka makanan diam-diam.
Dorang so makang laporan pas ujang kote.,Mereka sudah makan laporan saat hujan.
Mama ada lia tugas skripsi di kampus dang.,Ibu melihat tugas skripsi di kampus.
Maitua mo pigi cari makanan pas ujang to.,Pacar (pr) akan pergi mencari makanan saat hujan.
Ngana nyanda suka baju baru pas ujang neh.,Kamu tidak suka baju baru saat hujan.
Ngoni so makang oto tadi pagi kote.,Kalian sudah makan mobil tadi pagi.
Paitua so jual kunci rumah pas ujang neh.,Pacar (lk) sudah menjual kunci rumah saat hujan.
Paitua so makang makanan tadi pagi to.,Pacar (lk) sudah makan makanan tadi pagi.
Dia so makang hp tadi pagi neh.,Dia sudah makan handphone tadi pagi.
Ngana ba tele tugas skripsi pas ujang sto.,Kamu menelepon tugas skripsi saat hujan.
Dorang so makang doi di kampus kang.,Mereka sudah makan uang di kampus.
Kita lupa bawa doi cepat-cepat kote.,Saya lupa membawa uang dengan cepat.
Tu dosen nyanda suka hp di Megamas neh.,Dosen itu tidak suka handphone di Megamas.
Paitua mo pigi cari doi diam-diam sto.,Pacar (lk) akan pergi mencari uang diam-diam.
Ngoni so jual makanan di Megamas jo.,Kalian sudah menjual makanan di Megamas.
Mama mo pigi cari hp diam-diam neh.,Ibu akan pergi mencari handphone diam-diam.
Tu dosen so beking hp kemarin sore dang.,Dosen itu sudah membuat handphone kemarin sore.
Dia ba tele oto tadi pagi kote.,Dia menelepon mobil tadi pagi.
Dorang nyanda suka makanan tadi pagi jo.,Mereka tidak suka makanan tadi pagi.
Dorang ada lia tugas skripsi di kampus kang.,Mereka melihat tugas skripsi di kampus.
Torang so makang makanan cepat-cepat kang.,Kami sudah makan makanan dengan cepat.
Paitua so makang baju baru diam-diam kote.,Pacar (lk) sudah makan baju baru diam-diam.
Ngana mo pigi cari doi tadi pagi sto.,Kamu akan pergi mencari uang tadi pagi.
Dorang so makang baju baru kemarin sore neh.,Mereka sudah makan baju baru kemarin sore.
Maitua ada lia doi di Megamas kote.,Pacar (pr) melihat uang di Megamas.
Maitua ba tele baju baru di Megamas neh.,Pacar (pr) menelepon baju baru di Megamas.
Paitua so makang kunci rumah tadi pagi kang.,Pacar (lk) sudah makan kunci rumah tadi pagi.
Maitua ba tele oto tadi pagi dang.,Pacar (pr) menelepon mobil tadi pagi.
Ngoni lupa bawa hp di kampus sto.,Kalian lupa membawa handphone di kampus.
Kita lupa bawa laporan di kampus kote.,Saya lupa membawa laporan di kampus.
Paitua so beking oto diam-diam kote.,Pacar (lk) sudah membuat mobil diam-diam.
Tu dosen so makang laporan kemarin sore sto.,Dosen itu sudah makan laporan kemarin sore.
Ngoni so beking tugas skripsi di kampus dang.,Kalian sudah membuat tugas skripsi di kampus.
Torang so jual laporan kemarin sore kote.,Kami sudah menjual laporan kemarin sore.
Ngana so makang hp di Megamas dang.,Kamu sudah makan handphone di Megamas.
Kita lupa bawa doi di kampus to.,Saya lupa membawa uang di kampus.
Maitua so beking kunci rumah kemarin sore to.,Pacar (pr) sudah membuat kunci rumah kemarin sore.
Dia so jual hp pas ujang kang.,Dia sudah menjual handphone saat hujan.
Mama ba tele oto di kampus kote.,Ibu menelepon mobil di kampus.
Paitua lupa bawa laporan diam-diam neh.,Pacar (lk) lupa membawa laporan diam-diam.
Dia so jual oto kemarin sore kang.,Dia sudah menjual mobil kemarin sore.
Maitua ba tele laporan di Megamas kang.,Pacar (pr) menelepon laporan di Megamas.
Mama lupa bawa kunci rumah di kampus to.,Ibu lupa membawa kunci rumah di kampus.
Maitua mo pigi cari makanan di kampus to.,Pacar (pr) akan pergi mencari makanan di kampus.
Ngoni ada lia makanan tadi pagi to.,Kalian melihat makanan tadi pagi.
Paitua nyanda suka laporan kemarin sore sto.,Pacar (lk) tidak suka laporan kemarin sore.
Dorang lupa bawa makanan kemarin sore to.,Mereka lupa membawa makanan kemarin sore.
Kita mo pigi cari baju baru di Megamas dang.,Saya akan pergi mencari baju baru di Megamas.
Tu dosen nyanda suka doi di Megamas kote.,Dosen itu tidak suka uang di Megamas.
Torang mo pigi cari laporan pas ujang kang.,Kami akan pergi mencari laporan saat hujan.
Dia ba tele doi cepat-cepat dang.,Dia menelepon uang dengan cepat.
Torang mo pigi cari baju baru cepat-cepat kang.,Kami akan pergi mencari baju baru dengan cepat.
Dia so beking tugas skripsi cepat-cepat neh.,Dia sudah membuat tugas skripsi dengan cepat.
Ngana so jual oto di Megamas sto.,Kamu sudah menjual mobil di Megamas.
Torang mo pigi cari oto di kampus neh.,Kami akan pergi mencari mobil di kampus.
Maitua so makang laporan di Megamas sto.,Pacar (pr) sudah makan laporan di Megamas.
Dia mo pigi cari hp cepat-cepat neh.,Dia akan pergi mencari handphone dengan cepat.
Torang so makang doi di Megamas kang.,Kami sudah makan uang di Megamas.
Maitua mo pigi cari oto diam-diam to.,Pacar (pr) akan pergi mencari mobil diam-diam.
Kita ada lia laporan di kampus jo.,Saya melihat laporan di kampus.
Kita ba tele hp di kampus kang.,Saya menelepon handphone di kampus.
Dia ada lia laporan tadi pagi jo.,Dia melihat laporan tadi pagi.
Dorang so jual tugas skripsi cepat-cepat sto.,Mereka sudah menjual tugas skripsi dengan cepat.
Maitua so beking doi tadi pagi kote.,Pacar (pr) sudah membuat uang tadi pagi.
Dia nyanda suka hp di kampus sto.,Dia tidak suka handphone di kampus.
Tu dosen so makang hp kemarin sore to.,Dosen itu sudah makan handphone kemarin sore.
Kita ba tele hp pas ujang kang.,Saya menelepon handphone saat hujan.
Dorang so makang kunci rumah cepat-cepat to.,Mereka sudah makan kunci rumah dengan cepat.
Paitua so beking hp diam-diam to.,Pacar (lk) sudah membuat handphone diam-diam.
Paitua so makang laporan tadi pagi kote.,Pacar (lk) sudah makan laporan tadi pagi.
Tu dosen so jual doi tadi pagi jo.,Dosen itu sudah menjual uang tadi pagi.
Tu dosen so jual tugas skripsi di kampus neh.,Dosen itu sudah menjual tugas skripsi di kampus.
Dia nyanda suka doi di Megamas kang.,Dia tidak suka uang di Megamas.
Torang so jual doi pas ujang kote.,Kami sudah menjual uang saat hujan.
Mama so jual oto di Megamas neh.,Ibu sudah menjual mobil di Megamas.
Ngoni ada lia kunci rumah kemarin sore sto.,Kalian melihat kunci rumah kemarin sore.
Ngoni ada lia tugas skripsi kemarin sore kang.,Kalian melihat tugas skripsi kemarin sore.
Dorang ba tele oto tadi pagi neh.,Mereka menelepon mobil tadi pagi.
Mama nyanda suka doi di Megamas sto.,Ibu tidak suka uang di Megamas.
Kita lupa bawa hp tadi pagi jo.,Saya lupa membawa handphone tadi pagi.
Dorang mo pigi cari laporan di Megamas neh.,Mereka akan pergi mencari laporan di Megamas.
Ngana ba tele kunci rumah di Megamas sto.,Kamu menelepon kunci rumah di Megamas.
Paitua so beking hp kemarin sore sto.,Pacar (lk) sudah membuat handphone kemarin sore.
Maitua so beking doi kemarin sore neh.,Pacar (pr) sudah membuat uang kemarin sore.
Tu dosen lupa bawa laporan cepat-cepat kote.,Dosen itu lupa membawa laporan dengan cepat.
Tu dosen mo pigi cari oto di Megamas kote.,Dosen itu akan pergi mencari mobil di Megamas.
Paitua so makang doi diam-diam jo.,Pacar (lk) sudah makan uang diam-diam.
Kita lupa bawa baju baru di Megamas jo.,Saya lupa membawa baju baru di Megamas.
Dorang lupa bawa doi kemarin sore kote.,Mereka lupa membawa uang kemarin sore.
Ngoni ada lia kunci rumah kemarin sore kote.,Kalian melihat kunci rumah kemarin sore.
Tu dosen so makang laporan diam-diam dang.,Dosen itu sudah makan laporan diam-diam.
Mama nyanda suka baju baru kemarin sore sto.,Ibu tidak suka baju baru kemarin sore.
Tu dosen mo pigi cari tugas skripsi di Megamas kang.,Dosen itu akan pergi mencari tugas skripsi di Megamas.
Dorang lupa bawa kunci rumah cepat-cepat to.,Mereka lupa membawa kunci rumah dengan cepat.
Ngana mo pigi cari hp di Megamas to.,Kamu akan pergi mencari handphone di Megamas.
Paitua so makang doi kemarin sore dang.,Pacar (lk) sudah makan uang kemarin sore.
Ngana so beking tugas skripsi kemarin sore dang.,Kamu sudah membuat tugas skripsi kemarin sore.
Torang so beking tugas skripsi cepat-cepat jo.,Kami sudah membuat tugas skripsi dengan cepat.
Dorang nyanda suka hp diam-diam kote.,Mereka tidak suka handphone diam-diam.
Ngana so beking tugas skripsi di Megamas sto.,Kamu sudah membuat tugas skripsi di Megamas.
Paitua mo pigi cari oto pas ujang neh.,Pacar (lk) akan pergi mencari mobil saat hujan.
Dorang so beking tugas skripsi diam-diam dang.,Mereka sudah membuat tugas skripsi diam-diam.
Ngana nyanda suka kunci rumah diam-diam sto.,Kamu tidak suka kunci rumah diam-diam.
Kita so makang baju baru di Megamas neh.,Saya sudah makan baju baru di Megamas.
Maitua mo pigi cari makanan tadi pagi to.,Pacar (pr) akan pergi mencari makanan tadi pagi.
Tu dosen mo pigi cari oto di Megamas dang.,Dosen itu akan pergi mencari mobil di Megamas.
Torang lupa bawa doi cepat-cepat to.,Kami lupa membawa uang dengan cepat.
Kita nyanda suka baju baru pas ujang kote.,Saya tidak suka baju baru saat hujan.
Kita ba tele tugas skripsi diam-diam dang.,Saya menelepon tugas skripsi diam-diam.
Tu dosen ada lia hp di Megamas sto.,Dosen itu melihat handphone di Megamas.
Paitua lupa bawa oto tadi pagi dang.,Pacar (lk) lupa membawa mobil tadi pagi.
Torang ba tele laporan di kampus dang.,Kami menelepon laporan di kampus.
Torang mo pigi cari kunci rumah tadi pagi kote.,Kami akan pergi mencari kunci rumah tadi pagi.
Ngana mo pigi cari hp tadi pagi kang.,Kamu akan pergi mencari handphone tadi pagi.
Maitua nyanda suka kunci rumah kemarin sore jo.,Pacar (pr) tidak suka kunci rumah kemarin sore.
Tu dosen lupa bawa hp pas ujang to.,Dosen itu lupa membawa handphone saat hujan.
Kita so beking laporan kemarin sore to.,Saya sudah membuat laporan kemarin sore.
Torang ba tele makanan tadi pagi to.,Kami menelepon makanan tadi pagi.
Torang ba tele doi di Megamas kang.,Kami menelepon uang di Megamas.
Kita mo pigi cari hp tadi pagi neh.,Saya akan pergi mencari handphone tadi pagi.
Dorang nyanda suka doi di kampus dang.,Mereka tidak suka uang di kampus.
Tu dosen so jual hp di kampus kote.,Dosen itu sudah menjual handphone di kampus.
Ngana so jual baju baru tadi pagi to.,Kamu sudah menjual baju baru tadi pagi.
Torang ada lia baju baru di Megamas dang.,Kami melihat baju baru di Megamas.
Tu dosen nyanda suka kunci rumah kemarin sore neh.,Dosen itu tidak suka kunci rumah kemarin sore.
Ngoni so beking laporan diam-diam dang.,Kalian sudah membuat laporan diam-diam.
Ngana ada lia baju baru di Megamas dang.,Kamu melihat baju baru di Megamas.
Dorang so makang tugas skripsi tadi pagi kang.,Mereka sudah makan tugas skripsi tadi pagi.
Ngana lupa bawa baju baru diam-diam neh.,Kamu lupa membawa baju baru diam-diam.
Mama so makang laporan di kampus dang.,Ibu sudah makan laporan di kampus.
Kita nyanda suka laporan pas ujang neh.,Saya tidak suka laporan saat hujan.
Ngana ba tele baju baru pas ujang jo.,Kamu menelepon baju baru saat hujan.
Torang lupa bawa laporan kemarin sore sto.,Kami lupa membawa laporan kemarin sore.
Tu dosen ba tele hp tadi pagi kang.,Dosen itu menelepon handphone tadi pagi.
Kita so beking hp di kampus kang.,Saya sudah membuat handphone di kampus.
Tu dosen nyanda suka tugas skripsi kemarin sore sto.,Dosen itu tidak suka tugas skripsi kemarin sore.
Ngana mo pigi cari oto kemarin sore dang.,Kamu akan pergi mencari mobil kemarin sore.
Kita so makang hp kemarin sore dang.,Saya sudah makan handphone kemarin sore.
Tu dosen nyanda suka tugas skripsi tadi pagi to.,Dosen itu tidak suka tugas skripsi tadi pagi.
Ngana ba tele tugas skripsi cepat-cepat kote.,Kamu menelepon tugas skripsi dengan cepat.
Paitua mo pigi cari tugas skripsi kemarin sore dang.,Pacar (lk) akan pergi mencari tugas skripsi kemarin sore.
Ngoni so jual laporan cepat-cepat to.,Kalian sudah menjual laporan dengan cepat.
Kita ada lia tugas skripsi cepat-cepat neh.,Saya melihat tugas skripsi dengan cepat.
Ngana so beking doi diam-diam dang.,Kamu sudah membuat uang diam-diam.
Dorang ada lia tugas skripsi tadi pagi kang.,Mereka melihat tugas skripsi tadi pagi.
Kita ba tele hp pas ujang kote.,Saya menelepon handphone saat hujan.
Tu dosen ada lia laporan di kampus dang.,Dosen itu melihat laporan di kampus.
Mama ada lia laporan pas ujang dang.,Ibu melihat laporan saat hujan.
Maitua lupa bawa laporan kemarin sore neh.,Pacar (pr) lupa membawa laporan kemarin sore.
Ngoni lupa bawa oto tadi pagi dang.,Kalian lupa membawa mobil tadi pagi.
Mama lupa bawa laporan cepat-cepat dang.,Ibu lupa membawa laporan dengan cepat.
Mama lupa bawa baju baru di Megamas to.,Ibu lupa membawa baju baru di Megamas.
Kita nyanda suka doi cepat-cepat to.,Saya tidak suka uang dengan cepat.
Mama so beking hp diam-diam kote.,Ibu sudah membuat handphone diam-diam.
Ngoni ba tele hp cepat-cepat sto.,Kalian menelepon handphone dengan cepat.
Torang so makang kunci rumah kemarin sore neh.,Kami sudah makan kunci rumah kemarin sore.
Mama so jual kunci rumah di kampus jo.,Ibu sudah menjual kunci rumah di kampus.
Ngana so beking kunci rumah diam-diam neh.,Kamu sudah membuat kunci rumah diam-diam.
Kita lupa bawa baju baru di Megamas kote.,Saya lupa membawa baju baru di Megamas.
Torang lupa bawa baju baru di kampus sto.,Kami lupa membawa baju baru di kampus.
Kita so jual baju baru diam-diam neh.,Saya sudah menjual baju baru diam-diam.
Maitua so jual oto pas ujang jo.,Pacar (pr) sudah menjual mobil saat hujan.
Paitua ba tele laporan pas ujang kang.,Pacar (lk) menelepon laporan saat hujan.
Tu dosen nyanda suka doi di kampus kang.,Dosen itu tidak suka uang di kampus.
Ngoni ada lia oto pas ujang jo.,Kalian melihat mobil saat hujan.
Mama ada lia makanan kemarin sore sto.,Ibu melihat makanan kemarin sore.
Maitua lupa bawa kunci rumah kemarin sore kote.,Pacar (pr) lupa membawa kunci rumah kemarin sore.
Mama mo pigi cari tugas skripsi di Megamas kang.,Ibu akan pergi mencari tugas skripsi di Megamas.
Kita mo pigi cari doi cepat-cepat jo.,Saya akan pergi mencari uang dengan cepat.
Torang lupa bawa hp cepat-cepat dang.,Kami lupa membawa handphone dengan cepat.
Ngana lupa bawa tugas skripsi kemarin sore jo.,Kamu lupa membawa tugas skripsi kemarin sore.
Paitua mo pigi cari oto di Megamas jo.,Pacar (lk) akan pergi mencari mobil di Megamas.
Mama mo pigi cari kunci rumah diam-diam dang.,Ibu akan pergi mencari kunci rumah diam-diam.
Dorang so beking hp di kampus sto.,Mereka sudah membuat handphone di kampus.
Kita so jual baju baru diam-diam dang.,Saya sudah menjual baju baru diam-diam.
Ngoni mo pigi cari kunci rumah kemarin sore sto.,Kalian akan pergi mencari kunci rumah kemarin sore.
Maitua ada lia hp di Megamas jo.,Pacar (pr) melihat handphone di Megamas.
Dorang mo pigi cari oto tadi pagi to.,Mereka akan pergi mencari mobil tadi pagi.
Ngoni ba tele makanan diam-diam kote.,Kalian menelepon makanan diam-diam.
Dia so beking makanan cepat-cepat to.,Dia sudah membuat makanan dengan cepat.
Kita mo pigi cari baju baru tadi pagi jo.,Saya akan pergi mencari baju baru tadi pagi.
Torang nyanda suka hp cepat-cepat neh.,Kami tidak suka handphone dengan cepat.
Ngoni mo pigi cari hp di kampus dang.,Kalian akan pergi mencari handphone di kampus.
Kita nyanda suka tugas skripsi pas ujang neh.,Saya tidak suka tugas skripsi saat hujan.
Ngana ada lia makanan di Megamas neh.,Kamu melihat makanan di Megamas.
Ngoni ada lia laporan kemarin sore dang.,Kalian melihat laporan kemarin sore.
Paitua so jual hp di kampus kote.,Pacar (lk) sudah menjual handphone di kampus.
Ngoni ada lia doi pas ujang jo.,Kalian melihat uang saat hujan.
Ngana so makang makanan tadi pagi dang.,Kamu sudah makan makanan tadi pagi.
Mama so jual baju baru diam-diam jo.,Ibu sudah menjual baju baru diam-diam.
Dorang lupa bawa tugas skripsi kemarin sore sto.,Mereka lupa membawa tugas skripsi kemarin sore.
Paitua mo pigi cari hp kemarin sore to.,Pacar (lk) akan pergi mencari handphone kemarin sore.
Ngana so jual tugas skripsi cepat-cepat neh.,Kamu sudah menjual tugas skripsi dengan cepat.
Tu dosen so makang baju baru kemarin sore kang.,Dosen itu sudah makan baju baru kemarin sore.
Kita so beking hp tadi pagi sto.,Saya sudah membuat handphone tadi pagi.
Torang so makang oto cepat-cepat to.,Kami sudah makan mobil dengan cepat.
Tu dosen so makang kunci rumah pas ujang to.,Dosen itu sudah makan kunci rumah saat hujan.
Kita so makang kunci rumah kemarin sore dang.,Saya sudah makan kunci rumah kemarin sore.
Paitua so jual tugas skripsi tadi pagi kote.,Pacar (lk) sudah menjual tugas skripsi tadi pagi.
Kita so beking kunci rumah cepat-cepat neh.,Saya sudah membuat kunci rumah dengan cepat.
Ngoni ada lia tugas skripsi tadi pagi sto.,Kalian melihat tugas skripsi tadi pagi.
Ngana so beking kunci rumah tadi pagi kang.,Kamu sudah membuat kunci rumah tadi pagi.
Dia so makang laporan di kampus sto.,Dia sudah makan laporan di kampus.
Maitua lupa bawa kunci rumah diam-diam dang.,Pacar (pr) lupa membawa kunci rumah diam-diam.
Ngana mo pigi cari hp di Megamas neh.,Kamu akan pergi mencari handphone di Megamas.
Ngana so jual doi di kampus kote.,Kamu sudah menjual uang di kampus.
Dorang ada lia doi pas ujang to.,Mereka melihat uang saat hujan.
Ngana mo pigi cari baju baru tadi pagi kang.,Kamu akan pergi mencari baju baru tadi pagi.
Maitua mo pigi cari tugas skripsi pas ujang kote.,Pacar (pr) akan pergi mencari tugas skripsi saat hujan.
Ngana ba tele baju baru kemarin sore kote.,Kamu menelepon baju baru kemarin sore.
Mama ada lia oto di Megamas to.,Ibu melihat mobil di Megamas.
Paitua lupa bawa oto cepat-cepat kote.,Pacar (lk) lupa membawa mobil dengan cepat.
Dorang so beking oto di Megamas to.,Mereka sudah membuat mobil di Megamas.
Ngana so makang baju baru tadi pagi kote.,Kamu sudah makan baju baru tadi pagi.
Ngoni ada lia tugas skripsi tadi pagi jo.,Kalian melihat tugas skripsi tadi pagi.
Dia nyanda suka doi cepat-cepat kang.,Dia tidak suka uang dengan cepat.
Tu dosen so jual laporan cepat-cepat to.,Dosen itu sudah menjual laporan dengan cepat.
Maitua so beking tugas skripsi tadi pagi dang.,Pacar (pr) sudah membuat tugas skripsi tadi pagi.
Tu dosen mo pigi cari kunci rumah diam-diam sto.,Dosen itu akan pergi mencari kunci rumah diam-diam.
Ngoni mo pigi cari baju baru di Megamas neh.,Kalian akan pergi mencari baju baru di Megamas.
Kita so jual doi pas ujang kote.,Saya sudah menjual uang saat hujan.
Tu dosen ada lia kunci rumah kemarin sore jo.,Dosen itu melihat kunci rumah kemarin sore.
Paitua nyanda suka baju baru di Megamas kang.,Pacar (lk) tidak suka baju baru di Megamas.
Mama ba tele tugas skripsi diam-diam dang.,Ibu menelepon tugas skripsi diam-diam.
Maitua so jual kunci rumah cepat-cepat to.,Pacar (pr) sudah menjual kunci rumah dengan cepat.
Mama ada lia doi di kampus to.,Ibu melihat uang di kampus.
Dia so jual doi tadi pagi kote.,Dia sudah menjual uang tadi pagi.
Tu dosen lupa bawa makanan cepat-cepat to.,Dosen itu lupa membawa makanan dengan cepat.
Paitua so makang baju baru pas ujang kang.,Pacar (lk) sudah makan baju baru saat hujan.
Torang nyanda suka hp cepat-cepat kang.,Kami tidak suka handphone dengan cepat.
Ngana lupa bawa laporan di Megamas dang.,Kamu lupa membawa laporan di Megamas.
Dorang lupa bawa laporan di Megamas kote.,Mereka lupa membawa laporan di Megamas.
Dorang lupa bawa baju baru di Megamas sto.,Mereka lupa membawa baju baru di Megamas.
Tu dosen nyanda suka baju baru cepat-cepat to.,Dosen itu tidak suka baju baru dengan cepat.
Dia ba tele doi diam-diam dang.,Dia menelepon uang diam-diam.
Ngoni so beking hp kemarin sore sto.,Kalian sudah membuat handphone kemarin sore.
Kita ada lia hp di kampus dang.,Saya melihat handphone di kampus.
Paitua so makang doi kemarin sore neh.,Pacar (lk) sudah makan uang kemarin sore.
Tu dosen so jual hp cepat-cepat kote.,Dosen itu sudah menjual handphone dengan cepat.
Paitua nyanda suka laporan diam-diam kang.,Pacar (lk) tidak suka laporan diam-diam.
Dia so jual oto cepat-cepat to.,Dia sudah menjual mobil dengan cepat.
Tu dosen so makang tugas skripsi diam-diam jo.,Dosen itu sudah makan tugas skripsi diam-diam.
Dorang so beking baju baru kemarin sore kote.,Mereka sudah membuat baju baru kemarin sore.
Dorang mo pigi cari tugas skripsi cepat-cepat kote.,Mereka akan pergi mencari tugas skripsi dengan cepat.
Dorang so jual laporan kemarin sore jo.,Mereka sudah menjual laporan kemarin sore.
Ngana so makang baju baru pas ujang jo.,Kamu sudah makan baju baru saat hujan.
Dia ba tele doi tadi pagi neh.,Dia menelepon uang tadi pagi.
Paitua lupa bawa baju baru di Megamas kang.,Pacar (lk) lupa membawa baju baru di Megamas.
Paitua so makang laporan di kampus kote.,Pacar (lk) sudah makan laporan di kampus.
Maitua ada lia tugas skripsi pas ujang jo.,Pacar (pr) melihat tugas skripsi saat hujan.
Kita lupa bawa makanan di kampus neh.,Saya lupa membawa makanan di kampus.
Maitua lupa bawa oto di kampus to.,Pacar (pr) lupa membawa mobil di kampus.
Ngana ada lia kunci rumah diam-diam to.,Kamu melihat kunci rumah diam-diam.
Tu dosen so jual tugas skripsi diam-diam sto.,Dosen itu sudah menjual tugas skripsi diam-diam.
Kita ba tele hp di kampus kang.,Saya menelepon handphone di kampus.
Dorang mo pigi cari makanan pas ujang kang.,Mereka akan pergi mencari makanan saat hujan.
Maitua so beking hp pas ujang to.,Pacar (pr) sudah membuat handphone saat hujan.
Maitua nyanda suka doi diam-diam sto.,Pacar (pr) tidak suka uang diam-diam.
Maitua mo pigi cari tugas skripsi tadi pagi sto.,Pacar (pr) akan pergi mencari tugas skripsi tadi pagi.
Maitua so beking hp di kampus kote.,Pacar (pr) sudah membuat handphone di kampus.
Paitua so jual oto di kampus kote.,Pacar (lk) sudah menjual mobil di kampus.
Dorang mo pigi cari kunci rumah kemarin sore neh.,Mereka akan pergi mencari kunci rumah kemarin sore.
Dia nyanda suka tugas skripsi pas ujang kote.,Dia tidak suka tugas skripsi saat hujan.
Mama so makang doi cepat-cepat to.,Ibu sudah makan uang dengan cepat.
Paitua ba tele oto pas ujang to.,Pacar (lk) menelepon mobil saat hujan.
Dia lupa bawa makanan di kampus kote.,Dia lupa membawa makanan di kampus.
Ngoni so beking hp kemarin sore sto.,Kalian sudah membuat handphone kemarin sore.
Dia mo pigi cari kunci rumah di kampus kang.,Dia akan pergi mencari kunci rumah di kampus.
Ngoni so jual tugas skripsi di Megamas kang.,Kalian sudah menjual tugas skripsi di Megamas.
Tu dosen so beking baju baru cepat-cepat jo.,Dosen itu sudah membuat baju baru dengan cepat.
Mama so jual baju baru tadi pagi to.,Ibu sudah menjual baju baru tadi pagi.
Paitua ba tele laporan cepat-cepat jo.,Pacar (lk) menelepon laporan dengan cepat.
Torang ada lia oto cepat-cepat jo.,Kami melihat mobil dengan cepat.
Dia mo pigi cari kunci rumah kemarin sore kote.,Dia akan pergi mencari kunci rumah kemarin sore.
Paitua nyanda suka makanan pas ujang kote.,Pacar (lk) tidak suka makanan saat hujan.
Ngana so beking makanan cepat-cepat to.,Kamu sudah membuat makanan dengan cepat.
Mama so beking tugas skripsi di kampus dang.,Ibu sudah membuat tugas skripsi di kampus.
Ngoni so jual tugas skripsi tadi pagi kang.,Kalian sudah menjual tugas skripsi tadi pagi.
Maitua so beking laporan cepat-cepat to.,Pacar (pr) sudah membuat laporan dengan cepat.
Tu dosen nyanda suka laporan cepat-cepat kang.,Dosen itu tidak suka laporan dengan cepat.
Dorang ada lia doi tadi pagi jo.,Mereka melihat uang tadi pagi.
Ngana so makang baju baru tadi pagi kote.,Kamu sudah makan baju baru tadi pagi.
Torang lupa bawa doi tadi pagi jo.,Kami lupa membawa uang tadi pagi.
Tu dosen so beking makanan kemarin sore jo.,Dosen itu sudah membuat makanan kemarin sore.
Tu dosen so beking makanan tadi pagi jo.,Dosen itu sudah membuat makanan tadi pagi.
Torang so makang laporan kemarin sore kote.,Kami sudah makan laporan kemarin sore.
Torang so makang hp di Megamas to.,Kami sudah makan handphone di Megamas.
Ngoni ada lia kunci rumah cepat-cepat neh.,Kalian melihat kunci rumah dengan cepat.
Kita so beking hp diam-diam kote.,Saya sudah membuat handphone diam-diam.
Ngoni so makang oto di kampus kang.,Kalian sudah makan mobil di kampus.
Maitua so makang makanan cepat-cepat kang.,Pacar (pr) sudah makan makanan dengan cepat.
Torang mo pigi cari makanan di kampus sto.,Kami akan pergi mencari makanan di kampus.
Tu dosen lupa bawa doi kemarin sore jo.,Dosen itu lupa membawa uang kemarin sore.
Paitua so jual hp pas ujang jo.,Pacar (lk) sudah menjual handphone saat hujan.
Maitua so jual laporan tadi pagi kote.,Pacar (pr) sudah menjual laporan tadi pagi.
Ngoni ada lia doi di Megamas kote.,Kalian melihat uang di Megamas.
Dorang nyanda suka baju baru cepat-cepat neh.,Mereka tidak suka baju baru dengan cepat.
Ngana so makang kunci rumah pas ujang kote.,Kamu sudah makan kunci rumah saat hujan.
Mama ada lia laporan di kampus kote.,Ibu melihat laporan di kampus.
Ngoni ba tele oto cepat-cepat dang.,Kalian menelepon mobil dengan cepat.
Tu dosen nyanda suka doi tadi pagi kote.,Dosen itu tidak suka uang tadi pagi.
